,year,month,day,hour,minute,second,DOY,auto_cloud,sza,vza,saa,vaa,Oa01_reflectance,Oa02_reflectance,Oa03_reflectance,Oa04_reflectance,Oa05_reflectance,Oa06_reflectance,Oa07_reflectance,Oa08_reflectance,Oa09_reflectance,Oa10_reflectance,Oa11_reflectance,Oa12_reflectance,Oa13_reflectance,Oa14_reflectance,Oa15_reflectance,Oa16_reflectance,Oa17_reflectance,Oa18_reflectance,Oa19_reflectance,Oa20_reflectance,Oa21_reflectance,albedo_PROMICE,PROMICE_cloud_index,height_sensor_boom_m,tilt_to_east_degrees,tilt_to_north_degrees,LWD,MODIS_albedo,SICE_BBA
0,2017,5,1,13,5,40,121,0.0,50.588,52.059,141.994,95.889,1.014,1.013,1.009,0.991,0.964,0.884,0.872,0.936,0.947,0.951,0.949,0.954,0.243,0.484,0.866,0.934,0.914,0.89,0.742,0.439,0.738,-999.0,-999.0,-999.0,-25.53,-999.0,-999.0,-999.0,0.818
1,2017,5,2,14,17,28,122,0.0,46.305,9.477,165.328,-68.023,1.018,1.024,1.032,1.033,1.012,0.948,0.94,0.997,1.004,1.006,0.996,0.996,0.303,0.57,0.918,0.971,0.944,0.911,0.737,0.395,0.725,-999.0,-999.0,-999.0,-25.56,-999.0,-999.0,0.79,0.82
2,2017,5,3,13,54,17,123,0.0,47.027,16.501,156.838,106.301,0.99,0.99,0.987,0.979,0.955,0.886,0.872,0.918,0.924,0.925,0.918,0.905,0.262,0.476,0.808,0.875,0.835,0.799,0.677,0.424,0.601,-999.0,-999.0,-999.0,-25.55,-999.0,-999.0,0.71,0.807
3,2017,5,4,13,28,7,124,1.0,48.182,38.509,148.549,100.722,1.02,1.02,1.019,1.007,0.98,0.913,0.895,0.947,0.954,0.959,0.936,0.944,0.263,0.46,0.83,0.92,0.897,0.875,0.73,0.482,0.78,-999.0,-999.0,-999.0,-25.6,-999.0,-999.0,0.75,0.807
4,2017,5,5,13,1,56,125,1.0,49.73,53.903,140.53,95.089,0.91,0.907,0.895,0.872,0.843,0.77,0.749,0.793,0.799,0.802,0.785,0.776,0.255,0.432,0.704,0.75,0.713,0.682,0.558,0.348,0.502,-999.0,-999.0,-999.0,-25.61,-999.0,-999.0,-999.0,0.787
5,2017,5,6,14,13,44,126,0.0,45.273,5.801,164.003,-68.795,0.971,0.977,0.983,0.978,0.957,0.894,0.874,0.908,0.915,0.915,0.892,0.862,0.235,0.423,0.746,0.823,0.763,0.715,0.576,0.307,0.435,-999.0,-999.0,-999.0,-25.58,-999.0,-999.0,-999.0,0.72
6,2017,5,7,13,50,33,127,0.0,46.086,20.025,155.432,105.509,0.977,0.98,0.979,0.97,0.948,0.88,0.857,0.89,0.896,0.895,0.874,0.842,0.241,0.449,0.754,0.803,0.741,0.693,0.562,0.3,0.422,0.418,1.0,1.58,-25.58,1.77,316.2,0.71,0.725
7,2017,5,8,13,24,22,128,0.0,47.33,41.084,147.081,99.917,0.981,0.981,0.974,0.952,0.926,0.859,0.828,0.86,0.864,0.864,0.842,0.816,0.2,0.372,0.701,0.776,0.717,0.67,0.54,0.291,0.408,0.475,1.0,1.577,-25.62,1.77,316.3,0.7,0.74
8,2017,5,10,14,13,0,130,0.0,44.332,2.104,162.625,-69.462,0.978,0.981,0.989,0.987,0.966,0.905,0.879,0.906,0.91,0.911,0.88,0.845,0.239,0.43,0.74,0.806,0.742,0.692,0.541,0.266,0.413,0.519,0.26,0.35,-25.78,1.75,245.0,0.69,0.718
9,2017,5,11,13,46,49,131,0.0,45.237,23.445,153.959,104.707,1.082,1.094,1.115,1.129,1.111,1.055,1.036,1.077,1.084,1.084,1.058,1.043,0.254,0.456,0.881,1.001,0.951,0.908,0.74,0.423,0.704,0.574,0.1,0.395,-25.73,1.68,231.5,0.72,0.803
10,2017,5,12,13,20,38,132,1.0,46.576,43.521,145.566,99.116,1.033,1.034,1.036,1.025,1.0,0.927,0.907,0.957,0.966,0.968,0.954,0.958,0.254,0.469,0.856,0.94,0.926,0.912,0.761,0.456,0.853,0.717,0.84,0.347,-25.68,1.79,303.6,-999.0,0.803
11,2017,5,13,14,32,26,133,1.0,42.948,23.142,170.09,-64.832,1.021,1.031,1.053,1.061,1.045,0.984,0.975,1.031,1.038,1.042,1.033,1.035,0.272,0.501,0.915,1.013,0.992,0.968,0.804,0.476,0.808,0.756,0.13,1.582,-25.79,1.79,234.4,-999.0,0.836
12,2017,5,14,14,9,15,134,0.0,43.486,1.628,161.173,109.142,0.975,0.976,0.981,0.972,0.952,0.883,0.866,0.907,0.912,0.914,0.903,0.894,0.267,0.481,0.801,0.867,0.839,0.814,0.683,0.413,0.663,0.652,0.0,1.578,-25.77,1.77,221.7,0.81,0.842
13,2017,5,15,13,43,4,135,0.0,44.49,26.711,152.445,103.918,0.968,0.971,0.972,0.957,0.936,0.865,0.838,0.87,0.876,0.877,0.858,0.829,0.215,0.387,0.714,0.79,0.737,0.697,0.578,0.342,0.469,0.599,0.0,1.574,-25.74,1.85,228.7,0.79,0.778
14,2017,5,16,13,16,53,136,0.0,45.924,45.832,144.007,98.312,0.97,0.969,0.969,0.956,0.929,0.855,0.827,0.869,0.876,0.878,0.857,0.84,0.226,0.412,0.741,0.805,0.756,0.719,0.578,0.327,0.51,0.547,0.13,1.573,-25.77,1.95,244.8,0.69,0.777
15,2017,5,17,14,28,42,137,0.0,42.104,19.931,168.659,-65.616,0.967,0.974,0.988,0.993,0.973,0.917,0.891,0.917,0.919,0.919,0.885,0.856,0.243,0.432,0.751,0.811,0.747,0.698,0.526,0.237,0.426,0.621,0.13,1.56,-25.73,1.72,243.7,0.74,0.725
16,2017,5,18,14,5,31,138,1.0,42.743,5.397,159.653,108.667,0.996,0.998,0.997,0.988,0.962,0.9,0.88,0.918,0.926,0.924,0.892,0.905,0.356,0.558,0.835,0.886,0.869,0.85,0.701,0.467,0.748,0.825,1.0,0.352,-25.67,1.84,328.4,0.7,0.725
17,2017,5,19,13,39,20,139,1.0,43.849,29.868,150.877,103.124,1.029,1.032,1.033,1.022,0.995,0.93,0.911,0.956,0.965,0.967,0.935,0.952,0.31,0.507,0.858,0.941,0.928,0.913,0.731,0.443,0.84,0.86,1.0,0.354,-25.69,1.77,336.7,-999.0,0.725
18,2017,5,20,13,13,9,140,1.0,45.38,48.015,142.421,97.512,1.025,1.026,1.031,1.023,0.996,0.93,0.91,0.96,0.969,0.97,0.939,0.949,0.276,0.499,0.858,0.93,0.911,0.891,0.696,0.361,0.817,0.82,1.0,0.352,-25.73,1.73,338.5,-999.0,0.725
19,2017,5,21,14,24,57,141,0.0,41.364,16.581,167.157,-66.424,0.93,0.932,0.936,0.928,0.909,0.844,0.814,0.837,0.839,0.839,0.807,0.775,0.221,0.4,0.683,0.732,0.669,0.623,0.479,0.228,0.371,0.637,0.25,0.352,-25.78,1.85,258.8,-999.0,0.688
20,2017,5,22,14,1,46,142,0.0,42.109,9.148,158.08,107.918,0.96,0.963,0.971,0.969,0.95,0.887,0.856,0.878,0.883,0.882,0.85,0.812,0.234,0.4,0.694,0.765,0.698,0.644,0.5,0.244,0.372,0.63,0.17,0.376,-25.8,1.75,250.2,0.66,0.693
21,2017,5,23,13,35,35,143,0.0,43.318,32.886,149.268,102.321,0.92,0.918,0.913,0.893,0.866,0.795,0.76,0.785,0.79,0.788,0.749,0.725,0.185,0.341,0.63,0.687,0.628,0.584,0.417,0.17,0.373,0.665,0.46,0.421,-25.76,1.67,273.7,0.66,0.699
22,2017,5,24,13,9,25,144,0.0,44.949,50.083,140.808,96.708,0.94,0.935,0.929,0.904,0.876,0.797,0.77,0.815,0.821,0.825,0.797,0.795,0.221,0.408,0.716,0.772,0.741,0.716,0.546,0.275,0.605,0.772,1.0,0.443,-25.75,1.88,328.1,-999.0,0.843
23,2017,5,25,14,21,13,145,0.0,40.734,13.113,165.59,-67.222,0.947,0.948,0.955,0.951,0.926,0.863,0.835,0.87,0.875,0.877,0.839,0.826,0.237,0.437,0.743,0.799,0.757,0.722,0.541,0.26,0.541,0.741,0.67,0.447,-25.81,1.97,295.2,-999.0,0.814
24,2017,5,26,13,58,2,146,0.0,41.586,12.827,156.464,107.1,0.944,0.944,0.945,0.932,0.907,0.842,0.812,0.842,0.848,0.848,0.817,0.801,0.222,0.399,0.704,0.77,0.728,0.698,0.53,0.253,0.543,0.726,0.6,0.479,-25.86,1.98,286.8,-999.0,0.832
25,2017,5,28,13,5,40,148,1.0,44.631,52.035,139.181,95.897,0.829,0.821,0.805,0.774,0.745,0.673,0.649,0.684,0.691,0.691,0.677,0.675,0.208,0.37,0.615,0.655,0.634,0.613,0.507,0.318,0.531,0.618,0.4,0.512,-25.94,1.81,277.0,0.64,0.832
26,2017,5,29,14,17,28,149,0.0,40.217,9.542,163.966,-68.015,0.935,0.939,0.948,0.943,0.922,0.856,0.829,0.861,0.866,0.866,0.836,0.821,0.243,0.458,0.747,0.789,0.753,0.723,0.575,0.33,0.602,0.755,0.86,0.528,-25.8,1.93,300.7,-999.0,0.854
27,2017,5,31,13,28,7,151,0.0,42.601,38.467,145.984,100.724,0.974,0.979,0.988,0.987,0.964,0.894,0.871,0.908,0.914,0.916,0.887,0.867,0.209,0.395,0.749,0.827,0.776,0.737,0.57,0.28,0.526,0.568,0.24,0.565,-25.74,1.85,250.0,0.71,0.783
28,2017,6,1,13,1,56,152,0.0,44.429,53.879,137.564,95.095,0.915,0.915,0.913,0.895,0.869,0.791,0.765,0.806,0.811,0.813,0.791,0.778,0.202,0.402,0.701,0.744,0.701,0.666,0.515,0.248,0.48,0.506,0.01,0.57,-25.8,1.93,230.9,-999.0,0.78
29,2017,6,2,14,16,44,153,0.0,39.822,5.865,162.305,-68.788,0.933,0.938,0.95,0.948,0.93,0.869,0.84,0.861,0.865,0.863,0.834,0.799,0.228,0.402,0.694,0.755,0.694,0.648,0.521,0.282,0.41,0.591,0.02,0.587,-25.74,1.93,231.2,0.66,0.772
30,2017,6,3,13,50,33,154,0.0,40.896,19.991,153.138,105.518,0.935,0.936,0.941,0.937,0.918,0.854,0.824,0.842,0.845,0.844,0.812,0.776,0.231,0.424,0.693,0.729,0.665,0.618,0.474,0.221,0.367,0.59,0.1,0.607,-25.77,1.91,240.8,0.67,0.688
31,2017,6,4,13,24,22,155,0.0,42.421,41.058,144.336,99.918,0.923,0.925,0.924,0.909,0.885,0.821,0.789,0.812,0.816,0.816,0.787,0.764,0.193,0.357,0.663,0.722,0.665,0.624,0.481,0.231,0.397,0.512,0.07,0.627,-25.77,1.94,234.2,0.65,0.692
32,2017,6,6,14,13,0,157,0.0,39.545,2.148,160.626,-69.413,0.976,0.987,1.006,1.016,0.997,0.94,0.914,0.941,0.946,0.946,0.912,0.875,0.255,0.453,0.77,0.836,0.773,0.726,0.564,0.27,0.466,0.629,0.36,0.656,-25.85,1.88,266.5,0.75,0.746
33,2017,6,7,13,46,49,158,0.0,40.732,23.412,151.466,104.716,0.952,0.959,0.971,0.968,0.946,0.888,0.857,0.881,0.887,0.887,0.852,0.836,0.218,0.378,0.711,0.8,0.756,0.723,0.573,0.318,0.574,0.678,0.65,0.698,-25.92,2.0,299.9,-999.0,0.832
34,2017,6,8,13,20,38,159,0.0,42.363,43.515,142.7,99.121,0.893,0.895,0.893,0.878,0.854,0.787,0.757,0.781,0.785,0.786,0.76,0.739,0.192,0.35,0.646,0.704,0.655,0.62,0.487,0.254,0.441,0.551,0.21,0.725,-25.76,1.95,248.8,0.61,0.793
35,2017,6,9,14,32,26,160,0.0,38.584,23.164,168.382,-64.831,0.916,0.923,0.939,0.945,0.925,0.866,0.837,0.862,0.868,0.867,0.837,0.807,0.222,0.398,0.7,0.763,0.703,0.659,0.511,0.248,0.423,0.65,0.05,0.753,-25.88,1.95,238.5,0.68,0.769
36,2017,6,10,14,9,15,161,1.0,39.393,1.608,158.937,109.175,0.975,0.977,0.984,0.982,0.963,0.9,0.877,0.906,0.913,0.912,0.885,0.872,0.35,0.525,0.789,0.844,0.809,0.78,0.66,0.463,0.65,0.688,0.55,0.787,-25.72,2.05,283.1,0.65,0.852
37,2017,6,11,13,43,4,162,0.0,40.69,26.698,149.81,103.918,0.847,0.848,0.847,0.835,0.814,0.756,0.729,0.75,0.754,0.754,0.735,0.711,0.25,0.377,0.619,0.678,0.636,0.604,0.524,0.373,0.447,0.626,0.27,0.836,-25.73,1.96,261.8,-999.0,0.82
38,2017,6,12,13,16,53,163,0.0,42.423,45.825,141.1,98.315,0.907,0.907,0.909,0.896,0.873,0.802,0.769,0.795,0.799,0.8,0.779,0.743,0.198,0.366,0.652,0.702,0.646,0.603,0.51,0.316,0.38,0.477,0.0,0.859,-25.73,2.05,228.7,-999.0,0.679
39,2017,6,13,14,28,42,164,0.0,38.441,19.949,166.682,-65.627,0.914,0.921,0.938,0.944,0.924,0.862,0.831,0.85,0.854,0.853,0.828,0.788,0.228,0.404,0.69,0.74,0.677,0.63,0.519,0.299,0.385,0.554,0.0,0.899,-25.71,2.21,232.9,0.64,0.695
40,2017,6,14,14,5,31,165,1.0,39.366,5.391,157.248,108.597,0.957,0.96,0.968,0.964,0.942,0.881,0.854,0.882,0.887,0.885,0.856,0.845,0.31,0.503,0.767,0.816,0.781,0.755,0.637,0.433,0.647,0.704,0.74,0.934,-25.73,1.97,303.2,0.65,0.695
41,2017,6,15,13,39,20,166,0.0,40.772,29.851,148.183,103.118,0.881,0.88,0.881,0.868,0.844,0.781,0.75,0.771,0.776,0.776,0.746,0.724,0.21,0.359,0.632,0.69,0.644,0.61,0.487,0.284,0.448,0.666,0.58,0.98,-25.73,2.05,289.5,-999.0,0.814
42,2017,6,16,13,13,9,167,0.0,42.603,48.007,139.551,97.512,0.891,0.891,0.89,0.878,0.854,0.784,0.752,0.778,0.783,0.782,0.753,0.728,0.197,0.365,0.641,0.686,0.627,0.584,0.443,0.208,0.357,0.495,0.13,1.014,-25.71,1.94,243.1,-999.0,0.662
43,2017,6,17,14,24,57,168,0.0,38.424,16.587,164.982,-66.415,0.918,0.925,0.943,0.948,0.931,0.87,0.838,0.858,0.861,0.861,0.828,0.787,0.235,0.421,0.696,0.738,0.671,0.624,0.493,0.248,0.373,0.553,0.12,1.055,-25.78,2.03,242.6,0.64,0.691
44,2017,6,18,14,1,46,169,0.0,39.463,9.123,155.601,107.893,0.909,0.911,0.92,0.915,0.895,0.833,0.8,0.817,0.82,0.819,0.78,0.752,0.211,0.358,0.637,0.706,0.645,0.6,0.45,0.213,0.376,0.679,0.7,1.102,-25.72,1.95,296.7,0.64,0.704
45,2017,6,19,13,35,35,170,0.0,40.974,32.887,146.592,102.316,0.924,0.925,0.918,0.896,0.871,0.802,0.769,0.794,0.799,0.8,0.772,0.761,0.207,0.373,0.672,0.733,0.706,0.685,0.536,0.274,0.615,0.778,1.0,1.123,-25.74,2.1,321.0,-999.0,0.704
46,2017,6,20,13,9,25,171,0.0,42.902,50.087,138.052,96.703,0.901,0.901,0.901,0.888,0.863,0.79,0.761,0.789,0.794,0.795,0.774,0.742,0.199,0.374,0.655,0.695,0.631,0.582,0.47,0.266,0.319,0.467,0.0,1.172,-25.67,2.05,226.5,-999.0,0.633
47,2017,6,21,14,21,13,172,0.0,38.529,13.094,163.298,-67.238,0.92,0.925,0.943,0.95,0.935,0.877,0.844,0.862,0.865,0.862,0.836,0.787,0.249,0.44,0.704,0.74,0.671,0.62,0.518,0.31,0.356,0.546,0.0,1.186,-25.72,2.01,235.4,0.63,0.686
48,2017,6,22,13,58,2,173,0.0,39.683,12.848,153.982,107.088,0.923,0.927,0.936,0.937,0.917,0.857,0.824,0.841,0.842,0.841,0.812,0.773,0.227,0.398,0.675,0.726,0.663,0.617,0.494,0.265,0.374,0.556,0.06,1.211,-25.76,1.96,235.3,0.6,0.701
49,2017,6,23,13,31,51,174,0.0,41.296,35.755,145.071,101.52,0.902,0.905,0.908,0.901,0.879,0.815,0.783,0.803,0.805,0.806,0.778,0.743,0.206,0.375,0.654,0.7,0.64,0.597,0.478,0.255,0.358,0.554,0.08,1.238,-25.74,2.02,238.7,0.63,0.68
50,2017,6,24,13,5,40,175,0.0,43.312,52.037,136.63,95.898,0.881,0.879,0.875,0.86,0.835,0.767,0.735,0.76,0.764,0.763,0.737,0.71,0.189,0.36,0.629,0.671,0.616,0.576,0.449,0.22,0.356,0.493,0.13,1.278,-25.72,2.04,244.4,0.6,0.667
51,2017,6,25,14,17,28,176,1.0,38.762,9.522,161.664,-68.026,0.989,0.99,0.997,0.994,0.973,0.917,0.902,0.939,0.946,0.946,0.923,0.929,0.384,0.592,0.864,0.914,0.901,0.886,0.742,0.491,0.827,0.797,0.98,1.31,-25.8,1.99,323.5,0.62,0.667
52,2017,6,26,13,54,18,177,1.0,40.021,16.461,152.428,106.291,0.978,0.983,0.99,0.992,0.97,0.91,0.886,0.919,0.924,0.924,0.884,0.884,0.293,0.493,0.796,0.859,0.83,0.807,0.634,0.359,0.718,0.774,0.96,1.365,-25.68,2.1,326.8,-999.0,0.667
53,2017,6,27,13,28,7,178,1.0,41.733,38.497,143.609,100.712,0.938,0.939,0.937,0.925,0.9,0.838,0.813,0.85,0.858,0.859,0.833,0.833,0.226,0.402,0.733,0.813,0.787,0.766,0.61,0.339,0.668,0.737,0.89,1.371,-25.86,2.05,316.7,-999.0,0.667
54,2017,6,28,13,1,56,179,0.0,43.833,53.889,135.285,95.085,0.883,0.883,0.881,0.864,0.841,0.769,0.741,0.774,0.781,0.78,0.757,0.741,0.197,0.385,0.665,0.707,0.663,0.627,0.475,0.215,0.446,0.497,0.11,1.419,-25.77,2.03,241.5,-999.0,0.78
55,2017,6,29,14,16,44,180,1.0,39.113,5.85,160.076,-68.728,0.915,0.919,0.928,0.928,0.91,0.854,0.836,0.869,0.875,0.873,0.847,0.842,0.255,0.438,0.743,0.816,0.791,0.767,0.615,0.343,0.671,0.714,0.85,1.438,-25.87,1.99,312.2,0.59,0.78
56,2017,6,30,13,50,33,181,0.0,40.477,19.99,150.951,105.507,0.924,0.926,0.933,0.93,0.912,0.85,0.819,0.839,0.84,0.838,0.808,0.772,0.237,0.426,0.69,0.728,0.664,0.617,0.484,0.242,0.377,0.566,0.12,1.466,-25.81,2.05,237.5,-999.0,0.7
57,2017,9,11,13,58,2,254,0.0,58.167,12.928,160.623,107.099,0.843,0.845,0.852,0.851,0.836,0.785,0.784,0.836,0.843,0.847,0.846,0.853,0.218,0.417,0.758,0.839,0.824,0.809,0.687,0.426,0.678,0.597,0.04,2.618,-25.6,2.2,213.0,-999.0,0.861
58,2017,9,12,13,31,51,255,0.0,59.74,35.81,153.386,101.518,0.798,0.798,0.798,0.79,0.775,0.726,0.724,0.772,0.779,0.781,0.776,0.791,0.194,0.376,0.704,0.778,0.765,0.746,0.601,0.319,0.629,0.583,0.02,2.614,-25.65,2.22,230.8,0.52,0.855
59,2017,9,13,13,5,40,256,0.0,61.659,52.072,146.358,95.897,0.768,0.763,0.749,0.726,0.704,0.653,0.64,0.678,0.682,0.684,0.667,0.682,0.167,0.331,0.607,0.667,0.647,0.625,0.455,0.193,0.492,0.572,0.35,2.613,-25.65,2.17,265.5,0.41,0.824
60,2017,9,14,14,17,28,257,1.0,58.542,9.437,167.564,-68.017,0.966,0.967,0.97,0.969,0.955,0.91,0.913,0.958,0.965,0.965,0.965,0.976,0.526,0.729,0.943,0.971,0.972,0.962,0.894,0.748,0.886,0.274,1.0,2.614,-25.61,2.22,345.9,-999.0,0.824
61,2017,9,15,13,54,18,258,1.0,59.769,16.541,160.261,106.305,0.796,0.789,0.775,0.753,0.732,0.677,0.665,0.698,0.703,0.704,0.698,0.705,0.226,0.399,0.651,0.701,0.696,0.69,0.577,0.345,0.663,0.27,1.0,2.616,-25.6,2.18,322.8,0.94,0.824
62,2017,9,16,13,28,7,259,1.0,61.363,38.549,153.125,100.716,0.776,0.772,0.766,0.75,0.733,0.682,0.678,0.721,0.73,0.732,0.733,0.742,0.237,0.402,0.674,0.737,0.74,0.738,0.653,0.458,0.725,-999.0,0.88,2.609,-25.6,-999.0,310.2,-999.0,0.824
63,2017,9,17,13,1,56,260,1.0,63.297,53.924,146.2,95.092,0.749,0.74,0.72,0.686,0.663,0.601,0.587,0.628,0.635,0.637,0.633,0.639,0.177,0.34,0.586,0.625,0.615,0.602,0.504,0.32,0.54,-999.0,0.79,2.61,-25.54,-999.0,286.1,-999.0,0.824
64,2017,9,18,14,13,44,261,0.0,60.137,5.759,167.099,-68.777,0.55,0.549,0.544,0.534,0.521,0.486,0.474,0.494,0.496,0.496,0.485,0.478,0.118,0.222,0.41,0.455,0.428,0.407,0.314,0.154,0.296,0.355,0.05,2.613,-25.6,2.19,228.4,-999.0,0.519
65,2017,9,19,13,50,33,262,0.0,61.389,20.085,159.906,105.507,0.572,0.568,0.557,0.54,0.526,0.481,0.468,0.49,0.494,0.494,0.487,0.473,0.122,0.241,0.421,0.45,0.42,0.395,0.335,0.214,0.26,0.321,0.0,2.613,-25.57,2.13,217.1,0.42,0.501
66,2017,9,30,14,5,31,273,0.0,64.966,5.46,165.755,108.663,0.653,0.646,0.624,0.588,0.563,0.503,0.482,0.504,0.508,0.508,0.498,0.495,0.119,0.243,0.439,0.479,0.452,0.435,0.346,0.181,0.331,0.618,0.18,2.602,-25.59,2.19,224.2,0.76,0.585
67,2017,7,1,13,24,22,182,0.0,42.278,41.077,142.247,99.914,0.897,0.9,0.903,0.897,0.877,0.815,0.785,0.808,0.812,0.813,0.782,0.759,0.196,0.359,0.658,0.717,0.664,0.622,0.477,0.224,0.401,0.484,0.09,1.499,-25.84,2.07,242.6,0.56,0.764
68,2017,7,3,14,13,0,184,1.0,39.584,2.124,158.574,-69.542,0.934,0.935,0.94,0.936,0.915,0.861,0.846,0.883,0.888,0.89,0.861,0.872,0.3,0.486,0.783,0.855,0.84,0.825,0.67,0.415,0.766,0.794,1.0,1.602,-25.7,2.03,330.0,0.5,0.764
69,2017,7,4,13,46,49,185,1.0,41.044,23.431,149.553,104.707,0.916,0.917,0.914,0.901,0.879,0.826,0.809,0.845,0.851,0.853,0.828,0.839,0.287,0.439,0.739,0.823,0.807,0.791,0.658,0.433,0.715,0.827,0.99,1.618,-25.65,2.05,320.5,0.68,0.764
70,2017,7,5,13,20,38,186,0.0,42.929,43.524,140.98,99.111,0.918,0.92,0.923,0.914,0.892,0.825,0.8,0.834,0.84,0.839,0.822,0.798,0.208,0.386,0.701,0.76,0.712,0.675,0.562,0.338,0.474,0.485,0.0,1.612,-25.68,2.05,222.6,-999.0,0.782
71,2017,7,6,14,32,26,187,0.0,39.079,23.126,166.406,-64.845,0.892,0.901,0.917,0.925,0.908,0.851,0.83,0.86,0.864,0.865,0.845,0.816,0.227,0.405,0.714,0.777,0.723,0.683,0.569,0.344,0.455,0.629,0.02,1.62,-25.74,2.04,223.4,0.5,0.763
72,2017,7,7,14,9,15,188,1.0,40.167,1.65,157.147,109.156,1.006,1.013,1.028,1.035,1.017,0.962,0.949,0.986,0.995,0.996,0.968,0.969,0.34,0.559,0.878,0.947,0.925,0.907,0.745,0.442,0.837,0.768,0.94,1.666,-25.71,2.04,322.4,0.52,0.763
73,2017,7,8,13,43,4,189,1.0,41.717,26.731,148.252,103.912,0.92,0.921,0.927,0.924,0.902,0.848,0.825,0.853,0.858,0.859,0.819,0.811,0.22,0.384,0.696,0.776,0.731,0.698,0.522,0.249,0.553,0.738,0.96,1.705,-25.77,2.02,324.8,-999.0,0.831
74,2017,7,9,13,16,53,190,0.0,43.681,45.846,139.807,98.303,0.872,0.872,0.875,0.867,0.846,0.784,0.758,0.785,0.789,0.789,0.763,0.737,0.195,0.36,0.646,0.696,0.639,0.595,0.459,0.218,0.367,0.502,0.2,1.734,-25.72,2.06,250.7,-999.0,0.662
75,2017,7,10,14,28,42,191,0.0,39.674,19.908,164.955,-65.644,0.925,0.936,0.965,0.988,0.975,0.93,0.909,0.937,0.941,0.94,0.904,0.87,0.25,0.439,0.761,0.822,0.753,0.7,0.53,0.244,0.416,0.584,0.31,1.749,-25.75,1.97,261.6,0.36,0.704
76,2017,7,11,14,5,31,192,1.0,40.855,5.417,155.813,108.633,1.043,1.05,1.065,1.072,1.051,0.996,0.979,1.018,1.028,1.024,0.979,0.987,0.307,0.546,0.891,0.959,0.929,0.901,0.659,0.285,0.806,0.778,1.0,1.796,-25.71,2.06,340.7,-999.0,0.704
77,2017,7,12,13,39,20,193,0.0,42.49,29.883,147.055,103.109,0.924,0.926,0.934,0.933,0.916,0.859,0.835,0.862,0.863,0.865,0.836,0.803,0.212,0.385,0.697,0.761,0.699,0.654,0.509,0.251,0.419,0.609,0.49,1.857,-25.73,1.92,278.3,-999.0,0.765
78,2017,7,13,13,13,9,194,1.0,44.526,48.025,138.745,97.498,0.905,0.904,0.9,0.886,0.861,0.797,0.784,0.832,0.841,0.843,0.828,0.834,0.246,0.446,0.758,0.82,0.808,0.793,0.653,0.38,0.748,0.755,0.97,1.892,-25.68,2.12,326.4,0.43,0.765
79,2017,7,14,14,24,57,195,1.0,40.376,16.539,163.581,-66.453,0.848,0.848,0.851,0.844,0.826,0.774,0.76,0.796,0.802,0.803,0.788,0.786,0.306,0.48,0.725,0.768,0.749,0.733,0.64,0.466,0.666,0.735,0.82,1.903,-25.75,2.02,306.1,-999.0,0.765
80,2017,7,15,14,1,46,196,1.0,41.645,9.163,154.576,107.873,0.837,0.84,0.838,0.832,0.815,0.764,0.751,0.78,0.785,0.786,0.766,0.758,0.277,0.415,0.668,0.734,0.703,0.678,0.569,0.39,0.562,0.703,0.69,1.95,-25.67,2.03,291.9,-999.0,0.765
81,2017,7,16,13,35,35,197,0.0,43.359,32.898,145.961,102.304,0.952,0.956,0.969,0.97,0.951,0.891,0.876,0.918,0.924,0.926,0.903,0.882,0.234,0.431,0.781,0.85,0.804,0.765,0.599,0.291,0.54,0.712,0.94,1.945,-25.76,2.22,308.6,0.59,0.758
82,2017,7,17,13,9,25,198,0.0,45.461,50.092,137.788,96.695,0.883,0.881,0.881,0.867,0.844,0.776,0.762,0.807,0.814,0.817,0.802,0.802,0.214,0.408,0.723,0.78,0.756,0.734,0.567,0.268,0.613,0.542,0.08,1.846,-25.72,1.94,233.1,-999.0,0.839
83,2017,7,18,14,21,13,199,1.0,41.178,13.09,162.32,-67.246,0.913,0.913,0.917,0.914,0.895,0.849,0.843,0.881,0.887,0.889,0.864,0.879,0.349,0.553,0.818,0.867,0.859,0.847,0.693,0.416,0.803,0.824,1.0,1.916,-25.7,1.97,328.6,0.56,0.839
84,2017,7,19,13,58,2,200,1.0,42.531,12.845,153.454,107.08,1.021,1.021,1.022,1.016,0.998,0.951,0.949,0.996,1.003,1.006,1.004,1.016,0.595,0.762,0.969,1.009,1.01,1.007,0.956,0.869,0.951,0.826,1.0,1.947,-25.64,1.97,338.1,-999.0,0.839
85,2017,7,20,13,31,51,201,0.0,44.315,35.764,144.975,101.515,0.9,0.903,0.91,0.906,0.888,0.832,0.818,0.849,0.853,0.854,0.829,0.805,0.221,0.402,0.711,0.77,0.719,0.684,0.546,0.297,0.493,0.612,0.5,1.993,-25.72,1.87,279.1,-999.0,0.796
86,2017,7,21,13,5,40,202,0.0,46.476,52.04,136.936,95.89,0.817,0.818,0.824,0.822,0.8,0.745,0.734,0.776,0.782,0.781,0.762,0.749,0.221,0.394,0.672,0.717,0.674,0.636,0.5,0.274,0.447,0.581,0.48,2.027,-25.77,2.03,280.1,-999.0,0.75
87,2017,7,22,14,17,28,203,0.0,42.079,9.5,161.143,-68.025,0.879,0.888,0.91,0.922,0.908,0.864,0.856,0.879,0.884,0.883,0.847,0.817,0.259,0.467,0.739,0.774,0.709,0.658,0.485,0.198,0.393,0.567,0.23,2.065,-25.74,1.88,254.3,-999.0,0.686
88,2017,7,23,13,54,18,204,1.0,43.508,16.481,152.42,106.298,0.882,0.882,0.884,0.88,0.861,0.812,0.804,0.838,0.844,0.844,0.809,0.819,0.282,0.467,0.743,0.797,0.774,0.752,0.579,0.307,0.674,0.799,0.93,2.097,-25.68,1.85,329.6,0.39,0.686
89,2017,7,24,13,28,7,205,1.0,45.355,38.476,144.092,100.714,0.939,0.942,0.945,0.941,0.918,0.862,0.857,0.908,0.916,0.92,0.899,0.914,0.3,0.49,0.822,0.898,0.885,0.872,0.714,0.446,0.806,0.772,0.98,2.086,-25.67,1.9,326.0,-999.0,0.686
90,2017,7,25,13,1,56,206,0.0,47.57,53.883,136.182,95.084,0.846,0.848,0.851,0.846,0.826,0.765,0.756,0.799,0.806,0.806,0.779,0.767,0.2,0.394,0.688,0.732,0.681,0.637,0.452,0.167,0.407,0.52,0.31,2.109,-25.75,1.99,261.6,-999.0,0.697
91,2017,7,26,14,13,44,207,1.0,43.068,5.843,160.064,-68.794,0.866,0.869,0.87,0.864,0.845,0.8,0.792,0.824,0.83,0.831,0.806,0.813,0.316,0.476,0.73,0.791,0.769,0.748,0.626,0.423,0.667,0.77,1.0,2.143,-25.68,1.69,330.4,-999.0,0.697
92,2017,7,27,13,50,33,208,0.0,44.567,19.987,151.499,105.507,0.828,0.833,0.849,0.857,0.846,0.803,0.796,0.821,0.824,0.823,0.795,0.764,0.232,0.416,0.681,0.72,0.655,0.605,0.453,0.196,0.334,0.561,0.27,2.174,-25.71,2.01,268.6,-999.0,0.632
93,2017,7,28,13,24,22,209,0.0,46.47,41.055,143.308,99.913,0.819,0.822,0.832,0.832,0.82,0.775,0.769,0.799,0.801,0.803,0.784,0.756,0.194,0.355,0.654,0.718,0.661,0.616,0.485,0.249,0.367,0.481,0.2,2.221,-25.7,2.01,257.0,-999.0,0.645
94,2017,7,30,14,13,0,211,0.0,44.143,2.105,159.086,-69.437,0.813,0.82,0.842,0.855,0.845,0.806,0.81,0.832,0.835,0.835,0.807,0.777,0.226,0.399,0.677,0.733,0.67,0.622,0.478,0.226,0.361,0.555,0.25,2.291,-25.71,1.84,260.1,0.28,0.663
95,2017,7,31,13,46,49,212,0.0,45.701,23.408,150.672,104.714,0.79,0.794,0.807,0.809,0.796,0.757,0.756,0.782,0.785,0.786,0.762,0.737,0.186,0.333,0.619,0.694,0.633,0.587,0.449,0.212,0.338,0.543,0.16,2.328,-25.71,1.75,256.0,0.27,0.613
96,2017,8,1,13,20,38,213,0.0,47.658,43.503,142.623,99.111,0.799,0.801,0.808,0.807,0.791,0.745,0.744,0.772,0.778,0.777,0.756,0.734,0.189,0.349,0.64,0.696,0.641,0.598,0.454,0.206,0.363,0.469,0.19,2.363,-25.72,2.01,255.6,0.28,0.639
97,2017,8,2,14,32,26,214,0.0,44.104,23.142,166.801,-64.836,0.788,0.797,0.821,0.836,0.828,0.791,0.8,0.828,0.831,0.83,0.813,0.786,0.213,0.38,0.679,0.745,0.686,0.642,0.511,0.27,0.394,0.605,0.15,2.39,-25.72,1.98,247.6,0.25,0.665
98,2017,8,3,14,9,15,215,0.0,45.291,1.629,158.219,109.113,0.797,0.802,0.819,0.827,0.816,0.775,0.781,0.808,0.812,0.81,0.788,0.758,0.228,0.404,0.666,0.716,0.657,0.611,0.475,0.233,0.363,0.531,0.14,2.413,-25.77,1.99,255.6,0.31,0.665
99,2017,8,4,13,43,4,216,0.0,46.909,26.708,149.944,103.912,0.772,0.774,0.776,0.774,0.758,0.714,0.714,0.743,0.748,0.748,0.725,0.713,0.197,0.34,0.613,0.681,0.637,0.602,0.464,0.244,0.421,0.605,0.6,2.437,-25.71,2.23,289.3,0.3,0.784
100,2017,8,5,13,16,53,217,0.0,48.909,45.816,142.033,98.311,0.784,0.785,0.787,0.778,0.762,0.713,0.712,0.743,0.748,0.75,0.728,0.709,0.185,0.344,0.624,0.673,0.62,0.578,0.432,0.189,0.35,0.434,0.12,2.454,-25.76,2.08,253.0,-999.0,0.627
101,2017,8,6,14,28,42,218,1.0,45.264,19.923,165.87,-65.646,0.793,0.793,0.792,0.787,0.77,0.733,0.727,0.76,0.765,0.766,0.744,0.761,0.297,0.451,0.692,0.746,0.736,0.721,0.585,0.373,0.669,0.684,1.0,2.493,-25.67,1.98,329.5,-999.0,0.627
102,2017,8,7,14,5,31,219,0.0,46.512,5.391,157.437,108.611,0.827,0.825,0.815,0.798,0.777,0.73,0.721,0.758,0.763,0.763,0.737,0.763,0.228,0.411,0.688,0.757,0.755,0.748,0.549,0.248,0.714,0.643,1.0,2.524,-25.69,1.99,339.8,0.73,0.627
103,2017,8,8,13,39,20,220,1.0,48.178,29.861,149.305,103.109,0.852,0.85,0.842,0.827,0.807,0.761,0.757,0.799,0.804,0.809,0.793,0.815,0.314,0.479,0.746,0.807,0.808,0.802,0.675,0.455,0.777,0.582,1.0,2.57,-25.69,1.99,337.2,-999.0,0.627
104,2017,8,9,13,13,9,221,1.0,50.222,48.008,141.524,97.502,0.901,0.897,0.888,0.871,0.847,0.787,0.781,0.832,0.841,0.844,0.836,0.856,0.326,0.516,0.795,0.851,0.855,0.848,0.712,0.477,0.817,0.467,1.0,2.589,-25.63,2.1,332.5,-999.0,0.627
105,2017,8,10,14,24,57,222,1.0,46.495,16.577,165.025,-66.444,0.725,0.723,0.721,0.714,0.697,0.657,0.652,0.684,0.689,0.689,0.666,0.676,0.212,0.369,0.61,0.662,0.647,0.631,0.478,0.236,0.582,0.429,1.0,2.602,-25.66,1.99,334.3,-999.0,0.627
106,2017,8,11,14,1,46,223,0.0,47.797,9.118,156.744,107.866,0.661,0.66,0.658,0.653,0.638,0.601,0.599,0.624,0.628,0.629,0.611,0.609,0.217,0.335,0.538,0.59,0.565,0.543,0.443,0.293,0.45,0.492,0.8,2.605,-25.72,2.23,307.3,-999.0,0.627
107,2017,8,12,13,35,35,224,0.0,49.508,32.866,148.751,102.317,0.683,0.683,0.682,0.673,0.658,0.619,0.624,0.652,0.656,0.658,0.64,0.627,0.166,0.303,0.549,0.593,0.543,0.502,0.362,0.144,0.289,0.426,0.22,2.608,-25.7,1.99,251.6,-999.0,0.53
108,2017,8,13,13,9,25,225,0.0,51.586,50.066,141.099,96.698,0.698,0.693,0.686,0.669,0.651,0.601,0.603,0.636,0.641,0.641,0.635,0.624,0.162,0.308,0.553,0.595,0.556,0.523,0.41,0.207,0.339,0.353,0.08,2.61,-25.69,2.01,241.4,-999.0,0.516
109,2017,8,14,14,21,13,226,0.0,47.79,13.11,164.263,-67.244,0.621,0.625,0.635,0.64,0.63,0.6,0.615,0.64,0.643,0.644,0.638,0.613,0.185,0.333,0.547,0.582,0.535,0.498,0.414,0.248,0.291,0.38,0.06,2.605,-25.7,2.02,246.0,0.3,0.524
110,2017,8,15,13,58,2,227,0.0,49.141,12.824,156.123,107.091,0.633,0.634,0.633,0.631,0.62,0.584,0.593,0.618,0.622,0.622,0.609,0.593,0.168,0.298,0.518,0.56,0.515,0.479,0.373,0.188,0.285,0.369,0.12,2.605,-25.66,2.15,247.6,0.27,0.521
111,2017,8,16,13,31,51,228,0.0,50.892,35.745,148.267,101.51,0.642,0.638,0.629,0.614,0.597,0.557,0.561,0.587,0.591,0.592,0.583,0.574,0.154,0.282,0.506,0.547,0.507,0.475,0.363,0.174,0.291,0.356,0.16,2.597,-25.7,2.09,244.7,0.23,0.494
112,2017,8,17,13,5,40,229,0.0,53.001,52.03,140.735,95.891,0.665,0.658,0.643,0.615,0.596,0.545,0.542,0.575,0.58,0.581,0.572,0.57,0.148,0.284,0.508,0.547,0.514,0.485,0.374,0.18,0.323,0.313,0.16,2.596,-25.69,2.24,245.0,-999.0,0.47
113,2017,8,18,14,17,28,230,0.0,49.143,9.523,163.572,-68.001,0.57,0.572,0.574,0.572,0.559,0.528,0.53,0.555,0.56,0.559,0.546,0.545,0.17,0.307,0.496,0.526,0.498,0.475,0.364,0.184,0.371,0.389,0.77,2.601,-25.68,2.16,297.8,0.29,1.254
114,2017,8,19,13,54,18,231,0.0,50.54,16.459,155.575,106.294,0.6,0.598,0.596,0.591,0.578,0.545,0.547,0.575,0.579,0.58,0.569,0.569,0.182,0.312,0.514,0.554,0.534,0.514,0.403,0.224,0.423,0.381,0.81,2.612,-25.78,2.15,311.5,-999.0,1.254
115,2017,8,20,13,28,7,232,1.0,52.325,38.474,147.852,100.716,0.847,0.846,0.845,0.834,0.816,0.769,0.77,0.817,0.823,0.827,0.826,0.845,0.349,0.518,0.781,0.84,0.845,0.843,0.752,0.576,0.83,0.619,1.0,2.611,-25.65,2.01,320.1,-999.0,1.254
116,2017,8,21,13,1,56,233,1.0,54.461,53.87,140.444,95.083,0.874,0.871,0.855,0.831,0.806,0.746,0.741,0.787,0.796,0.799,0.785,0.815,0.294,0.491,0.765,0.809,0.809,0.803,0.633,0.35,0.766,0.382,0.99,2.609,-25.63,2.3,319.2,-999.0,1.254
117,2017,8,22,14,13,44,234,1.0,50.55,5.865,162.952,-68.775,0.953,0.958,0.965,0.968,0.953,0.909,0.91,0.96,0.969,0.973,0.957,0.983,0.373,0.577,0.895,0.976,0.978,0.968,0.8,0.501,0.921,0.265,1.0,2.61,-25.65,2.21,326.8,0.62,1.254
118,2017,8,23,13,50,33,235,1.0,51.986,19.983,155.092,105.493,0.744,0.738,0.735,0.723,0.706,0.664,0.661,0.697,0.702,0.706,0.699,0.711,0.261,0.436,0.664,0.706,0.706,0.699,0.584,0.357,0.682,0.227,1.0,2.609,-25.64,2.27,328.9,0.77,1.254
119,2017,8,24,13,24,22,236,1.0,53.801,41.05,147.498,99.904,0.772,0.766,0.755,0.736,0.717,0.667,0.66,0.701,0.707,0.71,0.708,0.72,0.253,0.408,0.66,0.715,0.715,0.709,0.602,0.394,0.689,0.246,1.0,2.61,-25.67,2.03,326.4,-999.0,1.254
120,2017,8,26,14,10,0,238,0.0,52.004,2.147,162.392,-69.425,0.443,0.435,0.423,0.406,0.395,0.364,0.361,0.374,0.375,0.376,0.363,0.356,0.098,0.178,0.309,0.338,0.312,0.291,0.207,0.081,0.183,0.227,0.59,2.612,-25.71,2.1,284.3,-999.0,0.365
121,2017,8,27,13,46,49,239,0.0,53.473,23.387,154.669,104.706,0.453,0.443,0.42,0.392,0.378,0.345,0.338,0.352,0.354,0.355,0.348,0.347,0.086,0.153,0.295,0.334,0.313,0.296,0.217,0.094,0.198,0.224,0.19,2.611,-25.79,2.08,245.0,0.26,0.351
122,2017,8,28,13,20,38,240,0.0,55.316,43.489,147.198,99.108,0.567,0.556,0.534,0.508,0.49,0.448,0.442,0.467,0.47,0.471,0.47,0.467,0.116,0.218,0.41,0.452,0.43,0.41,0.326,0.171,0.283,0.235,0.09,2.61,-25.72,2.16,232.8,-999.0,0.415
123,2017,8,29,14,32,26,241,0.0,52.391,23.175,169.69,-64.844,0.377,0.371,0.358,0.341,0.332,0.305,0.3,0.307,0.307,0.306,0.296,0.285,0.077,0.136,0.245,0.267,0.24,0.22,0.159,0.068,0.126,0.2,0.28,2.612,-25.69,2.1,267.6,0.3,0.282
124,2017,8,30,14,6,15,242,1.0,53.498,1.608,161.888,109.204,0.668,0.665,0.661,0.651,0.636,0.6,0.599,0.63,0.635,0.636,0.621,0.64,0.219,0.365,0.58,0.633,0.631,0.624,0.476,0.237,0.61,0.177,1.0,2.612,-25.67,2.31,336.7,0.25,0.282
125,2017,8,31,13,43,4,243,0.0,54.998,26.689,154.291,103.909,0.412,0.403,0.38,0.354,0.339,0.308,0.296,0.302,0.303,0.303,0.294,0.286,0.075,0.133,0.245,0.273,0.256,0.244,0.192,0.105,0.199,0.159,0.57,2.611,-25.68,1.99,287.7,-999.0,0.282
126,2017,9,1,13,16,53,244,0.0,56.863,45.815,146.935,98.303,0.465,0.451,0.424,0.392,0.376,0.341,0.333,0.346,0.349,0.349,0.339,0.342,0.089,0.162,0.301,0.33,0.312,0.296,0.2,0.068,0.199,0.147,0.35,2.612,-25.68,1.89,272.5,-999.0,0.296
127,2017,9,2,14,28,42,245,0.0,53.884,19.943,169.096,-65.642,0.371,0.367,0.352,0.333,0.32,0.29,0.278,0.281,0.282,0.28,0.268,0.257,0.072,0.126,0.222,0.241,0.217,0.201,0.146,0.064,0.131,0.184,0.28,2.613,-25.7,2.15,259.5,0.24,0.296
128,2017,9,3,14,5,31,246,0.0,55.025,5.371,161.429,108.625,0.329,0.32,0.301,0.278,0.269,0.243,0.234,0.238,0.238,0.239,0.234,0.224,0.065,0.119,0.196,0.209,0.188,0.173,0.141,0.08,0.101,0.164,0.0,2.612,-25.67,2.06,228.3,0.25,0.251
129,2017,9,4,13,39,20,247,0.0,56.553,29.847,153.956,103.109,0.414,0.405,0.386,0.363,0.35,0.322,0.318,0.328,0.329,0.331,0.326,0.32,0.08,0.147,0.274,0.303,0.28,0.262,0.207,0.111,0.164,0.2,0.07,2.61,-25.65,2.13,239.0,0.29,0.312
130,2017,9,5,13,13,9,248,0.0,58.439,47.999,146.716,97.501,0.594,0.585,0.566,0.54,0.523,0.48,0.469,0.491,0.495,0.496,0.497,0.497,0.26,0.353,0.471,0.49,0.481,0.475,0.443,0.385,0.438,0.244,0.54,2.611,-25.68,2.08,282.0,0.27,0.312
131,2017,9,6,14,24,57,249,1.0,55.412,16.476,168.549,-66.444,0.771,0.771,0.777,0.776,0.762,0.72,0.724,0.773,0.78,0.784,0.777,0.802,0.251,0.444,0.733,0.799,0.808,0.801,0.636,0.333,0.792,0.285,1.0,2.608,-25.63,2.09,321.9,-999.0,0.312
132,2017,9,7,14,1,46,250,0.0,56.584,9.242,161.006,107.852,0.442,0.436,0.423,0.405,0.391,0.359,0.352,0.363,0.364,0.364,0.353,0.338,0.089,0.156,0.286,0.317,0.284,0.259,0.192,0.087,0.139,0.254,0.08,2.611,-25.73,2.16,242.4,-999.0,0.356
133,2017,9,8,13,35,35,251,0.0,58.136,32.947,153.658,102.317,0.626,0.619,0.603,0.581,0.563,0.521,0.513,0.539,0.543,0.545,0.539,0.546,0.187,0.305,0.496,0.535,0.523,0.512,0.428,0.269,0.458,0.368,0.81,2.611,-25.66,2.17,306.4,0.31,0.356
134,2017,9,9,13,9,25,252,0.0,60.04,50.121,146.528,96.704,0.812,0.809,0.809,0.798,0.774,0.713,0.711,0.774,0.785,0.788,0.786,0.808,0.193,0.389,0.732,0.803,0.802,0.79,0.613,0.294,0.707,0.478,0.08,2.612,-25.64,2.17,230.0,-999.0,0.356
135,2017,9,10,14,21,13,253,1.0,56.965,13.012,168.042,-67.225,0.86,0.864,0.871,0.871,0.857,0.814,0.82,0.871,0.879,0.885,0.882,0.9,0.321,0.54,0.838,0.898,0.907,0.903,0.775,0.509,0.882,0.677,0.88,2.61,-25.63,2.21,305.0,0.3,0.356
136,2017,9,20,13,24,22,263,0.0,63.001,41.124,152.881,99.911,0.674,0.667,0.653,0.633,0.614,0.562,0.548,0.575,0.578,0.579,0.569,0.563,0.125,0.241,0.483,0.539,0.507,0.478,0.373,0.19,0.31,-999.0,0.04,2.612,-25.59,-999.0,227.5,0.48,0.526
137,2017,9,22,14,10,0,265,0.0,61.742,2.04,166.644,-69.453,0.607,0.605,0.596,0.583,0.569,0.528,0.518,0.542,0.545,0.545,0.536,0.535,0.147,0.268,0.472,0.519,0.503,0.486,0.405,0.251,0.423,0.412,0.77,2.612,-25.6,2.7,294.4,0.44,0.526
138,2017,9,23,13,46,49,266,0.0,63.017,23.481,159.563,104.708,0.659,0.657,0.652,0.64,0.623,0.579,0.567,0.596,0.6,0.602,0.591,0.593,0.15,0.265,0.508,0.572,0.556,0.538,0.458,0.306,0.461,0.42,0.76,2.612,-25.57,2.17,287.5,-999.0,0.526
139,2017,9,24,13,20,38,267,1.0,64.645,43.573,152.63,99.108,0.934,0.937,0.939,0.928,0.9,0.826,0.821,0.9,0.914,0.916,0.924,0.94,0.2,0.411,0.831,0.932,0.927,0.912,0.758,0.44,0.809,-999.0,0.12,2.618,-25.48,-999.0,200.4,-999.0,0.864
140,2017,9,25,14,32,26,268,0.0,62.425,23.088,173.301,-64.837,0.645,0.638,0.618,0.583,0.559,0.499,0.479,0.51,0.512,0.514,0.509,0.505,0.114,0.223,0.439,0.492,0.473,0.459,0.381,0.228,0.371,0.7,0.1,2.594,-25.54,2.18,204.7,0.9,0.864
141,2017,9,26,14,9,15,269,1.0,63.353,1.716,166.195,109.215,0.808,0.808,0.807,0.797,0.777,0.722,0.713,0.761,0.768,0.77,0.759,0.771,0.222,0.401,0.692,0.757,0.741,0.725,0.584,0.342,0.63,0.738,0.92,2.597,-25.57,2.25,286.6,0.83,0.864
142,2017,9,27,13,43,4,270,1.0,64.649,26.764,159.22,103.914,0.861,0.862,0.866,0.852,0.832,0.767,0.759,0.815,0.826,0.831,0.831,0.837,0.266,0.429,0.74,0.824,0.811,0.798,0.701,0.527,0.698,0.688,0.37,2.604,-25.57,2.12,249.8,0.66,0.876
143,2017,9,28,13,16,53,271,0.0,66.293,45.868,152.387,98.312,0.854,0.851,0.843,0.829,0.805,0.736,0.725,0.787,0.797,0.8,0.798,0.808,0.169,0.353,0.716,0.792,0.776,0.755,0.606,0.326,0.615,-999.0,0.05,2.602,-25.53,-999.0,209.7,-999.0,0.831
144,2017,9,29,14,28,42,272,0.0,64.014,19.867,172.755,-65.637,0.86,0.871,0.898,0.92,0.91,0.862,0.867,0.934,0.942,0.948,0.945,0.957,0.226,0.436,0.839,0.936,0.92,0.895,0.738,0.435,0.729,0.613,0.31,2.602,-25.56,2.13,239.7,0.69,0.811
145,2018,5,1,13,43,5,121,0.0,48.252,26.745,153.424,103.92,0.98,0.981,0.984,0.967,0.945,0.872,0.86,0.914,0.924,0.926,0.925,0.92,0.231,0.427,0.801,0.896,0.867,0.842,0.741,0.509,0.688,0.654,0.08,0.916,-25.52,2.32,196.2,-999.0,0.835
146,2018,5,2,13,16,54,122,0.0,49.559,45.843,145.313,98.318,1.041,1.042,1.048,1.038,1.011,0.923,0.912,0.989,1.003,1.008,1.011,1.01,0.248,0.487,0.907,0.984,0.956,0.923,0.808,0.546,0.737,0.609,0.32,0.968,-25.48,2.31,202.6,0.84,0.801
147,2018,5,3,14,28,42,123,0.0,45.78,19.903,169.026,-65.649,0.969,0.971,0.981,0.975,0.95,0.878,0.866,0.932,0.938,0.943,0.947,0.938,0.259,0.474,0.839,0.912,0.883,0.854,0.778,0.594,0.682,0.614,0.0,0.995,-25.44,2.29,162.9,0.85,0.825
148,2018,5,4,14,5,31,124,0.0,46.315,5.416,160.442,108.711,0.969,0.97,0.975,0.964,0.941,0.866,0.857,0.912,0.921,0.921,0.922,0.91,0.268,0.504,0.827,0.882,0.849,0.815,0.729,0.525,0.621,0.609,0.02,0.994,-25.62,2.31,179.8,0.77,0.799
149,2018,5,5,13,39,20,125,1.0,47.295,29.881,152.022,103.126,1.014,1.015,1.016,1.005,0.978,0.901,0.889,0.954,0.963,0.968,0.96,0.967,0.24,0.451,0.855,0.943,0.922,0.9,0.757,0.474,0.787,0.837,0.88,0.999,-25.58,2.29,268.8,0.77,0.861
150,2018,5,6,13,13,9,126,0.0,48.69,48.034,143.846,97.511,0.97,0.968,0.967,0.954,0.926,0.852,0.841,0.904,0.914,0.918,0.918,0.919,0.233,0.454,0.826,0.895,0.873,0.845,0.734,0.494,0.675,0.542,0.04,0.98,-25.59,2.32,194.4,-999.0,0.809
151,2018,5,7,14,24,58,127,0.0,44.733,16.534,167.728,-66.474,0.967,0.97,0.977,0.974,0.952,0.883,0.873,0.93,0.939,0.941,0.942,0.935,0.265,0.49,0.845,0.908,0.879,0.849,0.766,0.566,0.659,0.626,0.0,0.985,-25.68,2.31,190.4,0.79,0.8
152,2018,5,8,14,1,47,128,0.0,45.359,9.185,159.042,107.914,0.965,0.964,0.964,0.951,0.926,0.852,0.841,0.894,0.903,0.906,0.903,0.897,0.253,0.442,0.787,0.87,0.841,0.812,0.707,0.48,0.636,0.628,0.0,0.987,-25.67,2.28,195.5,0.77,0.825
153,2018,5,9,13,35,36,129,0.0,46.431,32.902,150.558,102.329,0.978,0.978,0.978,0.958,0.933,0.85,0.839,0.9,0.908,0.914,0.916,0.909,0.243,0.45,0.816,0.883,0.854,0.827,0.759,0.587,0.656,0.622,0.0,0.971,-25.64,2.26,179.4,0.78,0.82
154,2018,5,10,13,9,25,130,0.0,47.917,50.1,142.342,96.702,0.968,0.966,0.961,0.937,0.907,0.817,0.805,0.871,0.883,0.886,0.887,0.888,0.229,0.45,0.804,0.864,0.838,0.811,0.691,0.435,0.656,0.525,0.04,0.989,-25.67,2.29,197.5,0.77,0.815
155,2018,5,11,14,21,13,131,1.0,43.776,13.049,166.36,-67.265,1.008,1.007,1.006,0.998,0.971,0.91,0.901,0.953,0.964,0.967,0.947,0.969,0.385,0.604,0.903,0.958,0.954,0.941,0.794,0.526,0.882,0.928,0.92,0.972,-25.6,2.34,290.7,0.76,0.815
156,2018,5,12,13,58,2,132,1.0,44.496,12.868,157.591,107.122,1.038,1.037,1.037,1.029,1.002,0.938,0.932,0.989,0.998,1.002,1.0,1.007,0.372,0.593,0.921,0.997,0.988,0.979,0.895,0.702,0.899,0.875,0.8,1.002,-25.63,2.31,297.9,-999.0,0.815
157,2018,5,13,13,31,51,133,0.0,45.665,35.782,149.037,101.526,0.95,0.947,0.933,0.906,0.877,0.798,0.784,0.843,0.852,0.856,0.85,0.86,0.219,0.42,0.775,0.845,0.829,0.811,0.66,0.378,0.709,0.823,0.69,0.775,-25.62,2.35,262.9,-999.0,0.815
158,2018,5,14,13,5,40,134,0.0,47.243,52.053,140.795,95.901,0.977,0.976,0.968,0.941,0.909,0.82,0.808,0.882,0.893,0.899,0.903,0.911,0.233,0.469,0.836,0.895,0.883,0.866,0.743,0.468,0.755,0.565,0.02,0.843,-25.62,2.35,191.7,0.83,0.849
159,2018,5,16,13,54,18,136,1.0,43.735,16.503,156.069,106.317,1.02,1.015,1.012,0.997,0.969,0.898,0.887,0.946,0.954,0.957,0.941,0.958,0.366,0.571,0.879,0.942,0.924,0.905,0.78,0.57,0.783,0.938,0.95,0.804,-25.61,2.34,306.4,0.82,0.849
160,2018,5,17,13,28,7,137,1.0,45.003,38.507,147.473,100.717,0.994,0.988,0.975,0.949,0.916,0.829,0.813,0.881,0.891,0.896,0.892,0.907,0.225,0.411,0.794,0.894,0.883,0.869,0.728,0.464,0.79,0.778,0.67,0.393,-25.67,2.32,257.9,-999.0,0.849
161,2018,5,18,13,1,56,138,1.0,46.675,53.905,139.211,95.084,0.992,0.988,0.981,0.952,0.919,0.826,0.815,0.89,0.902,0.909,0.914,0.925,0.238,0.485,0.85,0.911,0.9,0.886,0.766,0.496,0.777,0.576,0.01,0.435,-25.63,2.32,187.5,0.89,0.851
162,2018,5,19,14,16,44,139,1.0,42.159,5.824,163.419,-68.817,1.043,1.048,1.049,1.039,1.013,0.934,0.924,0.99,1.001,1.004,0.998,1.007,0.305,0.509,0.886,0.987,0.969,0.945,0.813,0.567,0.81,0.789,0.5,0.411,-25.69,2.34,261.6,0.84,0.854
163,2018,5,20,13,50,33,140,1.0,43.08,20.029,154.501,105.518,1.036,1.037,1.038,1.029,1.004,0.933,0.923,0.981,0.989,0.991,0.991,0.989,0.284,0.543,0.907,0.969,0.948,0.925,0.799,0.517,0.783,0.826,0.86,0.433,-25.74,2.33,278.3,0.78,0.847
164,2018,5,21,13,24,22,141,0.0,44.446,41.087,145.876,99.921,0.951,0.943,0.931,0.901,0.872,0.796,0.775,0.823,0.832,0.836,0.828,0.831,0.203,0.384,0.734,0.806,0.779,0.75,0.621,0.362,0.604,0.57,0.08,0.476,-25.62,2.37,218.3,-999.0,0.826
165,2018,5,23,14,13,0,143,1.0,41.507,2.081,161.849,-69.622,0.988,0.985,0.985,0.974,0.95,0.877,0.863,0.913,0.921,0.923,0.914,0.911,0.256,0.469,0.813,0.891,0.872,0.855,0.722,0.455,0.786,0.923,0.96,0.533,-25.69,2.38,290.8,-999.0,0.826
166,2018,5,24,13,46,49,144,1.0,42.535,23.466,152.886,104.715,1.035,1.036,1.037,1.025,0.998,0.923,0.906,0.966,0.975,0.98,0.969,0.976,0.243,0.433,0.837,0.952,0.932,0.914,0.769,0.485,0.824,0.85,0.6,0.547,-25.74,2.3,260.0,-999.0,0.826
167,2018,5,25,13,20,38,145,1.0,44.005,43.548,144.25,99.111,0.943,0.942,0.935,0.915,0.887,0.809,0.794,0.845,0.855,0.857,0.845,0.849,0.27,0.446,0.759,0.825,0.8,0.776,0.654,0.443,0.659,0.745,0.55,0.555,-25.67,2.33,267.3,-999.0,0.846
168,2018,5,26,14,32,26,146,0.0,40.316,23.101,169.475,-64.871,0.879,0.872,0.857,0.829,0.799,0.729,0.711,0.752,0.757,0.761,0.753,0.754,0.201,0.364,0.663,0.734,0.712,0.696,0.587,0.366,0.603,0.736,0.08,0.574,-25.64,2.34,218.4,0.74,0.846
169,2018,5,27,14,9,15,147,1.0,40.97,1.677,160.239,109.556,1.034,1.035,1.042,1.04,1.015,0.946,0.934,0.988,0.996,0.998,0.99,0.986,0.286,0.524,0.884,0.961,0.937,0.913,0.768,0.476,0.797,0.813,0.74,0.584,-25.86,2.34,280.3,-999.0,0.846
170,2018,5,28,13,43,5,148,0.0,42.105,26.751,151.25,103.921,0.995,0.994,0.993,0.98,0.956,0.886,0.87,0.918,0.926,0.928,0.922,0.912,0.24,0.435,0.795,0.881,0.848,0.817,0.713,0.478,0.65,0.626,0.0,0.59,-25.7,2.35,212.7,-999.0,0.823
171,2018,5,29,13,16,54,149,0.0,43.675,45.848,142.621,98.316,0.995,0.994,0.993,0.977,0.949,0.872,0.851,0.903,0.911,0.913,0.889,0.89,0.232,0.43,0.787,0.856,0.814,0.775,0.592,0.292,0.586,0.609,0.33,0.6,-25.68,2.31,251.2,0.72,0.791
172,2018,5,30,14,28,42,150,1.0,39.783,19.905,167.878,-65.662,1.046,1.047,1.054,1.052,1.025,0.964,0.95,1.01,1.018,1.021,0.99,1.019,0.322,0.528,0.901,1.001,0.985,0.962,0.76,0.455,0.844,0.927,0.96,0.554,-25.68,2.21,315.1,-999.0,0.791
173,2018,5,31,14,5,31,151,1.0,40.548,5.42,158.594,108.716,1.055,1.056,1.06,1.054,1.031,0.961,0.951,1.006,1.015,1.016,0.999,1.012,0.301,0.548,0.914,0.992,0.976,0.959,0.774,0.446,0.868,0.933,0.9,0.507,-25.71,2.33,306.7,-999.0,0.791
174,2018,6,1,13,39,20,152,1.0,41.791,29.887,149.598,103.123,0.978,0.977,0.974,0.961,0.938,0.883,0.867,0.908,0.916,0.918,0.883,0.898,0.312,0.489,0.806,0.883,0.864,0.843,0.678,0.423,0.752,0.886,0.92,0.531,-25.69,2.34,314.6,-999.0,0.791
175,2018,6,2,13,13,9,153,1.0,43.466,48.027,140.991,97.509,1.007,1.003,0.999,0.985,0.956,0.898,0.881,0.925,0.935,0.935,0.896,0.925,0.321,0.524,0.844,0.91,0.899,0.878,0.678,0.368,0.79,0.893,1.0,0.562,-25.65,2.23,323.3,-999.0,0.791
176,2018,6,3,14,24,58,154,0.0,39.37,16.559,166.228,-66.464,0.894,0.888,0.882,0.867,0.841,0.787,0.763,0.792,0.799,0.798,0.751,0.769,0.239,0.407,0.686,0.75,0.728,0.711,0.525,0.262,0.641,0.876,1.0,0.674,-25.72,2.44,343.1,0.79,0.791
177,2018,6,4,14,1,47,155,0.0,40.249,9.187,156.911,107.914,1.117,1.126,1.154,1.173,1.156,1.105,1.089,1.131,1.141,1.141,1.092,1.074,0.307,0.521,0.917,1.03,0.957,0.898,0.643,0.249,0.535,0.732,0.67,0.84,-25.76,2.43,309.2,-999.0,0.722
178,2018,6,5,13,35,36,156,1.0,41.601,32.906,147.936,102.324,1.054,1.057,1.065,1.06,1.039,0.983,0.972,1.015,1.023,1.025,1.003,1.009,0.43,0.632,0.93,0.991,0.971,0.955,0.839,0.626,0.866,0.78,0.71,0.989,-25.7,2.28,316.6,-999.0,0.722
179,2018,6,6,13,9,25,157,1.0,43.375,50.096,139.371,96.702,0.923,0.917,0.907,0.886,0.857,0.789,0.768,0.809,0.818,0.818,0.792,0.801,0.251,0.439,0.729,0.782,0.761,0.741,0.58,0.312,0.655,0.839,0.99,1.062,-25.73,2.31,329.3,-999.0,0.722
180,2018,6,7,14,21,13,158,1.0,39.078,13.09,164.549,-67.264,1.019,1.021,1.024,1.02,0.998,0.949,0.94,0.985,0.995,0.996,0.968,0.985,0.317,0.552,0.898,0.97,0.955,0.933,0.74,0.409,0.835,0.927,1.0,0.923,-25.66,2.21,314.4,0.84,0.722
181,2018,6,8,13,58,2,159,0.0,40.07,12.852,155.241,107.128,0.997,0.996,1.0,0.998,0.98,0.925,0.91,0.948,0.953,0.956,0.941,0.917,0.271,0.477,0.81,0.886,0.84,0.808,0.68,0.407,0.599,0.632,0.07,0.946,-25.8,2.31,235.2,-999.0,0.804
182,2018,6,9,13,31,51,160,0.0,41.53,35.769,146.291,101.523,0.989,0.99,0.986,0.974,0.953,0.887,0.867,0.904,0.907,0.908,0.891,0.867,0.242,0.44,0.77,0.83,0.779,0.738,0.619,0.371,0.522,0.591,0.03,0.987,-25.82,2.27,229.1,0.7,0.782
183,2018,6,10,13,5,40,161,0.0,43.403,52.048,137.78,95.902,0.944,0.941,0.933,0.91,0.885,0.815,0.791,0.831,0.839,0.839,0.816,0.808,0.213,0.413,0.724,0.778,0.739,0.706,0.536,0.239,0.548,0.586,0.36,1.022,-25.72,2.48,260.6,-999.0,0.803
184,2018,6,11,14,20,29,162,0.0,38.91,9.499,162.847,-68.058,0.948,0.948,0.952,0.946,0.924,0.863,0.837,0.868,0.874,0.874,0.839,0.823,0.27,0.472,0.75,0.793,0.751,0.718,0.572,0.331,0.57,0.735,0.73,1.076,-25.76,2.28,304.0,0.71,0.836
185,2018,6,12,13,54,18,163,0.0,40.017,16.484,153.564,106.315,0.953,0.954,0.956,0.948,0.925,0.863,0.836,0.864,0.87,0.869,0.835,0.813,0.247,0.431,0.724,0.782,0.734,0.698,0.556,0.328,0.525,0.729,0.77,1.115,-25.82,2.34,305.6,-999.0,0.817
186,2018,6,13,13,28,7,164,0.0,41.582,38.495,144.667,100.718,0.993,0.996,1.009,1.01,0.99,0.93,0.903,0.938,0.945,0.946,0.912,0.891,0.227,0.416,0.77,0.848,0.79,0.744,0.571,0.279,0.49,0.536,0.23,1.145,-25.81,2.29,252.4,-999.0,0.733
187,2018,6,14,13,1,56,165,1.0,43.55,53.89,136.231,95.091,0.914,0.911,0.899,0.876,0.849,0.773,0.755,0.803,0.811,0.813,0.8,0.812,0.254,0.456,0.749,0.798,0.79,0.779,0.641,0.399,0.738,0.831,0.98,1.172,-25.64,2.3,308.0,0.65,0.733
188,2018,6,15,14,16,44,166,1.0,38.866,5.842,161.149,-68.857,0.9,0.899,0.893,0.879,0.858,0.799,0.778,0.814,0.82,0.822,0.801,0.803,0.244,0.409,0.706,0.785,0.765,0.748,0.606,0.361,0.649,0.77,0.75,1.167,-25.76,2.36,298.0,-999.0,0.733
189,2018,6,16,13,50,33,167,0.0,40.083,19.992,151.916,105.527,0.995,0.999,1.014,1.016,0.997,0.932,0.901,0.935,0.938,0.937,0.906,0.872,0.253,0.468,0.779,0.827,0.763,0.712,0.561,0.294,0.455,0.598,0.24,1.199,-25.73,2.27,254.1,0.68,0.761
190,2018,6,17,13,24,23,168,0.0,41.753,41.069,143.09,99.93,0.965,0.961,0.96,0.946,0.922,0.85,0.822,0.858,0.863,0.864,0.84,0.823,0.213,0.393,0.721,0.79,0.746,0.711,0.562,0.294,0.546,0.691,0.86,1.222,-25.76,2.23,296.1,0.63,0.809
191,2018,6,19,14,13,0,170,0.0,38.947,2.125,159.477,-69.64,0.953,0.956,0.969,0.97,0.954,0.893,0.864,0.884,0.888,0.886,0.855,0.814,0.244,0.427,0.712,0.766,0.697,0.645,0.508,0.26,0.37,0.55,0.1,1.277,-25.7,2.35,235.5,-999.0,0.689
192,2018,6,20,13,46,49,171,1.0,40.276,23.415,150.311,104.728,0.98,0.983,0.988,0.981,0.96,0.901,0.887,0.93,0.938,0.94,0.927,0.935,0.308,0.5,0.83,0.92,0.91,0.898,0.766,0.489,0.848,0.789,0.83,1.31,-25.7,2.31,317.0,0.64,0.689
193,2018,6,21,13,20,38,172,1.0,42.042,43.514,141.572,99.12,1.112,1.116,1.127,1.126,1.098,1.031,1.025,1.098,1.112,1.116,1.088,1.127,0.297,0.54,1.0,1.118,1.102,1.078,0.819,0.409,0.959,0.937,1.0,1.287,-25.67,2.37,320.8,-999.0,0.85
194,2018,6,22,14,32,26,173,1.0,38.2,23.144,167.3,-64.856,1.008,1.01,1.01,1.004,0.979,0.916,0.901,0.954,0.963,0.965,0.932,0.947,0.293,0.484,0.841,0.93,0.909,0.886,0.708,0.421,0.787,0.888,1.0,1.208,-25.69,2.34,328.3,0.79,0.85
195,2018,6,23,14,9,16,174,0.0,39.152,1.633,157.85,109.535,0.982,0.981,0.98,0.971,0.948,0.885,0.868,0.907,0.915,0.913,0.891,0.877,0.265,0.476,0.788,0.853,0.812,0.78,0.6,0.276,0.568,0.708,0.72,1.194,-25.85,2.29,285.9,0.66,0.803
196,2018,6,24,13,43,5,175,0.0,40.585,26.716,148.762,103.923,0.931,0.926,0.917,0.895,0.87,0.804,0.783,0.822,0.83,0.83,0.805,0.815,0.211,0.373,0.704,0.796,0.774,0.753,0.58,0.299,0.656,0.857,1.0,1.234,-25.75,2.39,339.9,0.73,0.803
197,2018,6,25,13,16,54,176,0.0,42.448,45.849,140.116,98.311,0.975,0.972,0.97,0.955,0.929,0.857,0.836,0.883,0.889,0.893,0.874,0.872,0.232,0.434,0.781,0.847,0.816,0.789,0.604,0.28,0.639,0.534,0.11,1.248,-25.8,2.29,232.0,0.68,0.822
198,2018,6,26,14,28,42,177,0.0,38.415,19.927,165.652,-65.657,0.897,0.895,0.902,0.898,0.877,0.815,0.791,0.819,0.823,0.824,0.798,0.773,0.215,0.386,0.677,0.737,0.687,0.65,0.512,0.26,0.458,0.681,0.73,1.283,-25.87,2.28,295.5,0.69,0.801
199,2018,6,27,14,5,31,178,0.0,39.478,5.398,156.279,108.703,0.844,0.842,0.841,0.828,0.811,0.755,0.732,0.755,0.759,0.758,0.742,0.72,0.267,0.423,0.649,0.691,0.651,0.621,0.531,0.365,0.452,0.65,0.36,1.313,-25.74,2.28,262.9,-999.0,0.82
200,2018,6,28,13,39,20,179,1.0,41.012,29.871,147.29,103.127,0.965,0.965,0.97,0.962,0.939,0.877,0.854,0.892,0.9,0.901,0.871,0.859,0.241,0.425,0.758,0.83,0.794,0.764,0.602,0.32,0.624,0.731,0.84,1.339,-25.84,2.34,309.8,-999.0,0.837
201,2018,6,29,13,13,9,180,0.0,42.962,48.02,138.762,97.51,0.915,0.914,0.916,0.903,0.88,0.809,0.781,0.816,0.822,0.822,0.8,0.776,0.204,0.386,0.689,0.741,0.694,0.656,0.518,0.261,0.466,0.484,0.05,1.366,-25.77,2.34,233.1,-999.0,0.782
202,2018,6,30,14,24,58,181,1.0,38.753,16.578,164.053,-66.47,0.959,0.96,0.97,0.974,0.953,0.902,0.881,0.911,0.917,0.917,0.871,0.881,0.292,0.49,0.791,0.86,0.836,0.815,0.612,0.293,0.72,0.813,1.0,1.411,-25.68,2.3,335.3,0.59,0.782
203,2018,7,1,14,1,47,182,0.0,39.921,9.146,154.771,107.92,0.955,0.955,0.948,0.935,0.911,0.851,0.839,0.889,0.897,0.902,0.879,0.901,0.255,0.428,0.778,0.882,0.866,0.845,0.662,0.372,0.728,0.895,1.0,1.369,-25.67,2.33,313.2,0.73,0.782
204,2018,7,2,13,35,36,183,0.0,41.55,32.875,145.902,102.33,0.831,0.817,0.788,0.742,0.713,0.643,0.618,0.646,0.65,0.65,0.633,0.635,0.166,0.304,0.561,0.619,0.595,0.579,0.446,0.218,0.498,0.662,0.22,1.377,-25.74,2.29,251.7,-999.0,0.782
205,2018,7,3,13,9,25,184,0.0,43.581,50.087,137.488,96.706,0.915,0.912,0.911,0.895,0.872,0.807,0.786,0.823,0.83,0.83,0.812,0.804,0.218,0.408,0.716,0.777,0.74,0.708,0.547,0.259,0.518,0.517,0.1,1.399,-25.7,2.2,238.7,0.71,0.787
206,2018,7,4,14,21,13,185,1.0,39.207,13.112,162.521,-67.254,1.016,1.014,1.018,1.012,0.989,0.932,0.921,0.964,0.973,0.975,0.954,0.966,0.426,0.634,0.904,0.953,0.943,0.927,0.803,0.587,0.83,0.833,0.98,1.426,-25.63,2.41,320.1,0.63,0.787
207,2018,7,5,13,58,2,186,1.0,40.477,12.83,153.354,107.123,0.91,0.905,0.908,0.9,0.878,0.826,0.805,0.84,0.843,0.843,0.812,0.812,0.276,0.447,0.727,0.79,0.762,0.74,0.588,0.337,0.641,0.734,0.96,1.442,-25.72,2.32,322.8,-999.0,0.787
208,2018,7,6,13,31,51,187,0.0,42.195,35.771,144.591,101.522,0.921,0.924,0.933,0.93,0.911,0.852,0.821,0.847,0.85,0.85,0.811,0.785,0.218,0.397,0.692,0.743,0.68,0.633,0.459,0.182,0.402,0.566,0.32,1.476,-25.75,2.27,261.0,-999.0,0.761
209,2018,7,7,13,5,40,188,1.0,44.304,52.037,136.32,95.901,0.998,0.996,0.997,0.983,0.956,0.887,0.877,0.938,0.948,0.952,0.944,0.961,0.368,0.597,0.899,0.951,0.95,0.942,0.822,0.578,0.905,0.786,1.0,1.503,-25.67,2.27,325.0,-999.0,0.761
210,2018,7,8,14,20,29,189,0.0,39.778,9.519,161.066,-68.059,0.874,0.872,0.875,0.865,0.841,0.786,0.759,0.781,0.788,0.785,0.744,0.735,0.226,0.406,0.667,0.705,0.667,0.636,0.466,0.21,0.514,0.732,1.0,1.533,-25.71,2.3,331.3,-999.0,0.851
211,2018,7,9,13,54,18,190,0.0,41.141,16.466,152.021,106.335,0.974,0.977,1.0,1.008,0.992,0.929,0.903,0.929,0.933,0.933,0.901,0.856,0.256,0.455,0.758,0.811,0.741,0.691,0.544,0.275,0.441,0.57,0.37,1.562,-25.68,2.28,258.4,-999.0,0.765
212,2018,7,10,13,28,7,191,1.0,42.941,38.484,143.399,100.724,1.038,1.033,1.034,1.025,0.998,0.94,0.937,0.99,0.999,1.004,0.99,1.012,0.4,0.608,0.932,1.005,1.002,0.995,0.859,0.61,0.93,0.82,1.0,1.606,-25.67,2.37,337.8,0.53,0.765
213,2018,7,11,13,1,56,192,0.0,45.121,53.89,135.245,95.091,0.778,0.779,0.776,0.767,0.746,0.691,0.671,0.699,0.706,0.705,0.668,0.665,0.22,0.37,0.6,0.633,0.589,0.55,0.389,0.187,0.364,0.573,0.58,1.66,-25.73,2.34,291.5,-999.0,0.647
214,2018,7,12,14,16,44,193,1.0,40.455,5.865,159.7,-68.852,0.954,0.954,0.956,0.947,0.927,0.869,0.858,0.903,0.909,0.911,0.896,0.907,0.345,0.526,0.821,0.893,0.881,0.866,0.747,0.535,0.783,0.835,1.0,1.723,-25.67,2.24,317.8,-999.0,0.647
215,2018,7,13,13,50,33,194,0.0,41.907,19.991,150.787,105.521,0.905,0.904,0.912,0.913,0.896,0.842,0.819,0.847,0.851,0.849,0.822,0.789,0.244,0.438,0.708,0.753,0.694,0.652,0.503,0.23,0.396,0.548,0.2,1.739,-25.74,2.34,259.8,0.75,0.688
216,2018,7,14,13,24,23,195,0.0,43.783,41.058,142.304,99.92,0.865,0.865,0.875,0.873,0.858,0.806,0.785,0.812,0.818,0.818,0.791,0.762,0.199,0.36,0.655,0.72,0.659,0.612,0.484,0.252,0.359,0.475,0.18,1.786,-25.72,2.28,253.6,0.58,0.655
217,2018,7,16,14,13,0,197,1.0,41.235,2.147,158.427,-69.691,0.918,0.919,0.925,0.924,0.908,0.86,0.853,0.891,0.897,0.899,0.873,0.888,0.354,0.54,0.812,0.875,0.865,0.85,0.702,0.456,0.784,0.774,1.0,1.912,-25.68,2.13,336.8,0.37,0.655
218,2018,7,17,13,46,49,198,0.0,42.771,23.412,149.655,104.719,0.838,0.846,0.859,0.866,0.85,0.814,0.807,0.836,0.844,0.844,0.804,0.814,0.216,0.375,0.694,0.788,0.757,0.73,0.519,0.207,0.625,0.683,0.97,1.965,-25.7,2.38,341.6,-999.0,0.655
219,2018,7,18,13,20,38,199,1.0,44.715,43.511,141.308,99.115,0.947,0.947,0.943,0.931,0.911,0.861,0.858,0.905,0.914,0.917,0.899,0.927,0.344,0.547,0.854,0.92,0.921,0.915,0.746,0.443,0.895,0.781,1.0,2.053,-25.69,2.33,347.4,-999.0,0.655
220,2018,7,19,14,32,26,200,1.0,40.955,23.159,166.237,-64.857,0.935,0.936,0.941,0.936,0.919,0.873,0.868,0.908,0.917,0.919,0.9,0.921,0.378,0.556,0.842,0.914,0.907,0.894,0.754,0.516,0.814,0.78,1.0,2.148,-25.72,2.35,340.2,-999.0,0.655
221,2018,7,20,14,9,15,201,0.0,42.113,1.611,157.26,109.514,0.812,0.818,0.836,0.852,0.842,0.805,0.802,0.833,0.836,0.836,0.807,0.789,0.236,0.42,0.699,0.757,0.712,0.677,0.508,0.23,0.508,0.637,0.83,2.18,-25.82,2.61,309.1,0.75,0.818
222,2018,7,21,13,43,5,202,1.0,43.722,26.714,148.627,103.923,0.848,0.852,0.86,0.861,0.848,0.804,0.802,0.84,0.846,0.848,0.824,0.823,0.231,0.402,0.718,0.799,0.77,0.748,0.579,0.291,0.634,0.593,0.55,2.212,-25.74,2.38,277.7,-999.0,0.818
223,2018,7,22,13,16,54,203,0.0,45.729,45.835,140.417,98.311,0.77,0.772,0.773,0.767,0.75,0.701,0.691,0.725,0.733,0.732,0.721,0.704,0.227,0.379,0.631,0.678,0.638,0.607,0.501,0.313,0.422,0.439,0.05,2.243,-25.69,2.16,246.5,-999.0,0.758
224,2018,7,23,14,28,42,204,0.0,41.846,19.924,165.025,-65.661,0.768,0.775,0.8,0.82,0.813,0.781,0.787,0.82,0.822,0.823,0.811,0.781,0.225,0.394,0.682,0.742,0.687,0.641,0.539,0.33,0.383,0.491,0.02,2.284,-25.72,2.37,237.3,0.36,0.65
225,2018,7,24,14,5,31,205,0.0,43.083,5.395,156.192,108.721,0.779,0.78,0.787,0.788,0.774,0.73,0.73,0.759,0.764,0.762,0.751,0.729,0.224,0.404,0.655,0.697,0.654,0.617,0.486,0.244,0.447,0.606,0.71,2.329,-25.65,2.56,294.7,0.35,0.805
226,2018,7,25,13,39,20,206,0.0,44.758,29.868,147.712,103.13,0.811,0.816,0.827,0.832,0.819,0.777,0.771,0.803,0.807,0.808,0.792,0.766,0.204,0.368,0.665,0.727,0.672,0.63,0.505,0.275,0.382,0.504,0.0,2.337,-25.7,1.27,237.1,-999.0,0.66
227,2018,7,26,13,13,9,207,0.0,46.823,48.015,139.643,97.511,0.799,0.797,0.804,0.802,0.787,0.737,0.735,0.768,0.774,0.774,0.75,0.74,0.195,0.365,0.651,0.704,0.656,0.613,0.453,0.188,0.386,0.456,0.19,2.366,-25.68,2.77,251.2,0.37,0.639
228,2018,7,27,14,24,58,208,1.0,42.822,16.564,163.905,-66.447,0.836,0.832,0.839,0.835,0.821,0.778,0.774,0.812,0.817,0.819,0.809,0.813,0.366,0.532,0.758,0.801,0.789,0.778,0.694,0.533,0.723,0.699,0.88,2.39,-25.7,2.56,316.0,0.37,0.639
229,2018,7,28,14,1,47,209,0.0,44.136,9.143,155.227,107.909,0.801,0.803,0.815,0.818,0.806,0.762,0.767,0.799,0.805,0.806,0.787,0.767,0.22,0.377,0.662,0.733,0.68,0.639,0.495,0.238,0.401,0.494,0.12,2.377,-25.78,2.49,241.4,-999.0,0.725
230,2018,7,29,13,35,36,210,0.0,45.872,32.887,146.892,102.328,0.779,0.781,0.788,0.787,0.774,0.731,0.73,0.761,0.766,0.766,0.751,0.731,0.198,0.356,0.638,0.693,0.642,0.601,0.474,0.241,0.37,0.478,0.11,2.401,-25.75,2.61,242.9,0.41,0.648
231,2018,7,30,13,9,25,211,0.0,47.986,50.082,138.959,96.701,0.709,0.703,0.694,0.675,0.658,0.605,0.596,0.622,0.628,0.628,0.611,0.599,0.159,0.297,0.529,0.57,0.525,0.493,0.37,0.163,0.308,0.442,0.26,2.438,-25.69,2.35,259.9,0.39,0.502
232,2018,8,1,13,58,2,213,1.0,45.266,12.849,154.358,107.108,0.807,0.8,0.797,0.786,0.766,0.722,0.719,0.754,0.759,0.76,0.741,0.751,0.227,0.389,0.668,0.736,0.723,0.708,0.552,0.294,0.657,0.643,1.0,2.526,-25.68,2.44,337.2,-999.0,0.502
233,2018,8,2,13,31,51,214,0.0,47.057,35.75,146.174,101.52,0.815,0.817,0.825,0.822,0.805,0.758,0.761,0.804,0.81,0.811,0.807,0.802,0.219,0.404,0.717,0.78,0.754,0.73,0.611,0.367,0.586,0.511,0.0,2.524,-25.69,2.29,234.0,-999.0,0.818
234,2018,8,3,13,5,40,215,0.0,49.216,52.033,138.372,95.897,0.725,0.723,0.717,0.703,0.685,0.635,0.632,0.669,0.674,0.676,0.663,0.665,0.215,0.373,0.607,0.644,0.616,0.59,0.471,0.275,0.464,0.523,0.64,2.541,-25.72,2.35,294.2,0.32,0.811
235,2018,8,4,14,17,29,216,1.0,45.033,9.499,161.97,-68.062,0.8,0.801,0.809,0.81,0.793,0.754,0.76,0.799,0.807,0.808,0.802,0.807,0.331,0.526,0.76,0.797,0.789,0.776,0.675,0.477,0.716,0.532,0.75,2.559,-25.76,2.38,305.0,-999.0,0.811
236,2018,8,5,13,54,18,217,1.0,46.469,16.462,153.593,106.321,0.806,0.803,0.802,0.797,0.778,0.732,0.734,0.775,0.781,0.782,0.776,0.781,0.277,0.457,0.716,0.768,0.755,0.743,0.635,0.429,0.687,0.544,0.99,2.57,-25.69,2.29,324.2,-999.0,0.811
237,2018,8,6,13,28,7,218,0.0,48.308,38.475,145.547,100.72,0.717,0.713,0.714,0.709,0.695,0.654,0.659,0.689,0.693,0.694,0.683,0.669,0.163,0.305,0.575,0.639,0.595,0.559,0.437,0.22,0.356,0.362,0.15,2.567,-25.69,2.49,247.6,-999.0,0.638
238,2018,8,7,13,1,56,219,0.0,50.507,53.883,137.87,95.086,0.655,0.651,0.638,0.615,0.597,0.551,0.542,0.568,0.571,0.571,0.558,0.558,0.183,0.312,0.507,0.538,0.509,0.485,0.379,0.214,0.363,0.41,0.47,2.568,-25.71,2.41,278.5,-999.0,1.024
239,2018,8,8,14,13,44,220,1.0,46.247,5.861,161.151,-68.872,0.744,0.742,0.735,0.724,0.707,0.669,0.662,0.689,0.692,0.693,0.669,0.683,0.219,0.359,0.601,0.67,0.657,0.644,0.494,0.264,0.617,0.448,1.0,2.586,-25.69,2.3,341.1,-999.0,1.024
240,2018,8,9,13,50,33,221,0.0,47.736,19.99,152.912,105.525,0.622,0.619,0.62,0.616,0.604,0.572,0.571,0.591,0.59,0.591,0.579,0.562,0.204,0.33,0.509,0.536,0.498,0.471,0.384,0.234,0.322,0.344,0.29,2.601,-25.72,2.32,268.7,-999.0,0.513
241,2018,8,10,13,24,23,222,0.0,49.621,41.059,145.004,99.918,0.656,0.652,0.648,0.639,0.627,0.59,0.594,0.62,0.623,0.624,0.612,0.604,0.169,0.292,0.524,0.577,0.536,0.502,0.388,0.197,0.317,0.317,0.29,2.594,-25.72,2.35,263.5,-999.0,0.507
242,2018,8,12,14,13,0,224,0.0,47.528,2.143,160.407,-69.673,0.575,0.572,0.566,0.557,0.544,0.512,0.51,0.531,0.534,0.534,0.517,0.517,0.157,0.273,0.459,0.5,0.48,0.46,0.341,0.154,0.387,0.363,0.98,2.618,-25.7,2.37,329.7,-999.0,0.507
243,2018,8,13,13,46,49,225,1.0,49.064,23.389,152.316,104.721,0.722,0.721,0.712,0.7,0.684,0.643,0.639,0.668,0.672,0.676,0.667,0.676,0.279,0.402,0.611,0.664,0.654,0.646,0.571,0.443,0.596,0.403,1.0,2.615,-25.67,2.36,329.8,-999.0,0.507
244,2018,8,14,13,20,38,226,1.0,50.987,43.507,144.533,99.112,0.789,0.785,0.778,0.763,0.743,0.695,0.689,0.728,0.735,0.737,0.731,0.742,0.28,0.439,0.683,0.734,0.728,0.719,0.621,0.434,0.68,0.385,0.98,2.617,-25.66,2.35,327.0,-999.0,0.507
245,2018,8,15,14,32,26,227,0.0,47.701,23.156,167.948,-64.858,0.554,0.55,0.546,0.536,0.525,0.494,0.495,0.519,0.523,0.523,0.515,0.517,0.138,0.25,0.453,0.506,0.489,0.472,0.361,0.166,0.411,0.358,1.0,2.616,-25.72,2.38,326.6,-999.0,0.507
246,2018,8,16,14,9,16,228,1.0,48.871,1.591,159.752,109.512,0.799,0.795,0.79,0.781,0.761,0.713,0.711,0.751,0.758,0.758,0.751,0.763,0.297,0.467,0.703,0.757,0.752,0.742,0.633,0.438,0.691,0.378,1.0,2.614,-25.66,2.38,323.5,-999.0,0.507
247,2018,8,17,13,43,5,229,0.0,50.449,26.69,151.791,103.92,0.556,0.551,0.54,0.525,0.511,0.475,0.472,0.491,0.493,0.494,0.483,0.473,0.12,0.217,0.405,0.448,0.412,0.382,0.292,0.141,0.217,0.298,0.14,2.617,-25.7,2.39,241.6,-999.0,0.426
248,2018,8,18,13,16,54,230,1.0,52.403,45.817,144.14,98.315,0.892,0.888,0.886,0.874,0.852,0.798,0.798,0.855,0.866,0.871,0.863,0.891,0.268,0.478,0.813,0.886,0.891,0.885,0.713,0.389,0.873,0.416,1.0,2.615,-25.63,2.38,324.6,-999.0,0.426
249,2018,8,19,14,28,42,231,1.0,49.05,19.943,167.22,-65.655,0.787,0.784,0.784,0.775,0.761,0.715,0.715,0.755,0.762,0.766,0.764,0.775,0.3,0.462,0.712,0.768,0.766,0.759,0.678,0.524,0.717,0.492,1.0,2.616,-25.65,2.39,324.1,-999.0,0.426
250,2018,8,20,14,5,31,232,0.0,50.264,5.375,159.154,108.696,0.538,0.534,0.53,0.52,0.508,0.477,0.477,0.499,0.502,0.501,0.495,0.489,0.143,0.262,0.435,0.468,0.437,0.411,0.317,0.157,0.256,0.328,0.17,2.617,-25.72,2.4,242.9,-999.0,0.456
251,2018,8,21,13,39,20,233,0.0,51.88,29.849,151.338,103.127,0.567,0.561,0.547,0.528,0.514,0.475,0.47,0.494,0.496,0.498,0.494,0.485,0.123,0.227,0.422,0.467,0.437,0.413,0.334,0.183,0.264,0.32,0.01,2.618,-25.64,2.39,230.1,-999.0,0.445
252,2018,8,22,13,13,9,234,0.0,53.863,48.0,143.812,97.351,0.669,0.662,0.647,0.624,0.604,0.555,0.552,0.588,0.593,0.596,0.59,0.593,0.147,0.287,0.532,0.578,0.557,0.534,0.41,0.188,0.408,0.398,0.64,2.617,-25.64,2.38,281.3,-999.0,0.802
253,2018,8,23,14,24,58,235,0.0,50.449,16.6,166.558,-66.447,0.578,0.572,0.568,0.559,0.547,0.513,0.513,0.538,0.541,0.543,0.531,0.533,0.169,0.286,0.475,0.515,0.49,0.469,0.368,0.202,0.357,0.436,0.75,2.616,-25.7,2.39,301.1,-999.0,1.228
254,2018,8,24,14,1,47,236,1.0,51.705,9.121,158.628,107.91,0.967,0.97,0.973,0.972,0.954,0.908,0.912,0.965,0.975,0.979,0.965,0.998,0.342,0.548,0.891,0.993,1.0,0.998,0.804,0.448,0.958,0.369,1.0,2.617,-25.65,2.4,330.2,-999.0,1.228
255,2018,8,25,13,35,36,237,0.0,53.353,32.853,150.947,102.321,0.538,0.529,0.513,0.489,0.475,0.437,0.43,0.449,0.45,0.451,0.442,0.431,0.111,0.205,0.378,0.413,0.384,0.36,0.279,0.135,0.222,0.319,0.89,2.618,-25.8,2.43,313.1,-999.0,0.402
256,2018,8,26,13,9,25,238,1.0,55.362,50.064,143.539,96.703,0.854,0.85,0.839,0.816,0.792,0.725,0.718,0.773,0.782,0.789,0.784,0.803,0.247,0.439,0.736,0.796,0.79,0.779,0.647,0.419,0.71,0.771,0.86,2.618,-25.64,2.41,304.3,-999.0,0.402
257,2018,8,27,14,21,13,239,0.0,51.896,13.129,165.953,-67.265,0.719,0.72,0.726,0.726,0.713,0.675,0.678,0.717,0.724,0.724,0.721,0.728,0.209,0.389,0.661,0.715,0.7,0.68,0.549,0.298,0.554,0.439,0.05,2.617,-25.69,2.37,232.8,-999.0,0.84
258,2018,8,28,13,58,2,240,1.0,53.189,12.807,158.161,107.136,0.83,0.825,0.825,0.817,0.799,0.754,0.752,0.794,0.8,0.804,0.8,0.812,0.351,0.512,0.752,0.802,0.797,0.787,0.703,0.547,0.724,0.616,0.82,2.615,-25.67,2.35,299.2,-999.0,0.84
259,2018,8,28,13,58,4,240,1.0,53.189,12.807,158.161,107.136,0.83,0.825,0.825,0.817,0.799,0.754,0.752,0.794,0.8,0.804,0.8,0.812,0.351,0.512,0.752,0.802,0.797,0.787,0.703,0.547,0.724,0.616,0.82,2.615,-25.67,2.35,299.2,-999.0,0.84
260,2018,8,29,13,31,53,241,1.0,54.867,35.811,150.602,101.53,0.878,0.876,0.87,0.857,0.836,0.786,0.781,0.828,0.836,0.838,0.831,0.851,0.368,0.542,0.796,0.844,0.84,0.832,0.728,0.546,0.758,0.502,1.0,2.615,-25.65,2.45,323.8,-999.0,0.84
261,2018,8,30,13,5,43,242,0.0,56.896,52.07,143.313,95.905,0.685,0.68,0.669,0.654,0.636,0.588,0.585,0.628,0.634,0.639,0.625,0.631,0.16,0.314,0.564,0.604,0.567,0.529,0.381,0.153,0.3,0.246,0.11,2.619,-25.64,2.44,234.1,-999.0,0.501
262,2018,8,31,14,17,31,243,1.0,53.382,9.453,165.407,-68.059,0.739,0.739,0.746,0.743,0.729,0.685,0.687,0.729,0.736,0.738,0.741,0.742,0.291,0.47,0.692,0.724,0.706,0.685,0.619,0.491,0.584,0.364,0.42,2.618,-25.61,2.39,258.4,-999.0,0.501
263,2018,9,1,13,54,20,244,0.0,54.706,16.542,157.741,106.329,0.629,0.626,0.624,0.618,0.605,0.566,0.567,0.599,0.601,0.604,0.602,0.595,0.169,0.308,0.528,0.568,0.531,0.497,0.414,0.26,0.292,0.457,0.0,2.579,2.52,0.31,218.7,-999.0,0.536
264,2018,9,2,13,28,10,245,1.0,56.41,38.532,150.307,100.727,0.916,0.913,0.906,0.889,0.87,0.814,0.809,0.859,0.869,0.872,0.864,0.884,0.367,0.536,0.813,0.877,0.872,0.86,0.756,0.574,0.77,0.519,1.0,2.581,4.87,-0.12,321.1,0.34,0.536
265,2018,9,3,13,1,59,246,1.0,58.459,53.909,143.133,95.099,0.792,0.785,0.767,0.735,0.709,0.642,0.628,0.669,0.677,0.68,0.67,0.684,0.197,0.369,0.629,0.672,0.665,0.653,0.526,0.315,0.601,0.716,1.0,2.571,4.82,-0.29,313.7,-999.0,0.536
266,2018,9,4,14,13,48,247,1.0,54.906,5.776,164.906,-68.874,0.722,0.72,0.712,0.698,0.683,0.641,0.634,0.665,0.672,0.673,0.666,0.675,0.218,0.352,0.594,0.664,0.652,0.638,0.522,0.319,0.54,0.698,0.48,2.545,1.99,0.31,266.9,-999.0,0.536
267,2018,9,5,13,50,37,248,1.0,56.261,20.062,157.373,105.521,0.927,0.931,0.954,0.969,0.958,0.919,0.933,1.0,1.012,1.018,1.027,1.048,0.397,0.659,0.988,1.047,1.064,1.064,0.96,0.701,1.038,0.367,0.85,2.573,8.47,6.44,308.4,-999.0,0.536
268,2018,9,6,13,24,26,249,1.0,57.987,41.11,150.054,99.931,0.705,0.703,0.707,0.705,0.691,0.652,0.656,0.702,0.71,0.713,0.705,0.721,0.191,0.351,0.639,0.707,0.696,0.681,0.543,0.287,0.616,0.398,1.0,2.558,8.22,6.46,323.7,-999.0,0.536
269,2018,9,8,14,10,4,251,1.0,56.457,2.058,164.442,-69.642,0.663,0.661,0.66,0.653,0.642,0.602,0.603,0.638,0.643,0.645,0.638,0.645,0.21,0.35,0.576,0.628,0.61,0.593,0.495,0.333,0.503,0.464,0.6,2.501,8.22,6.38,278.3,-999.0,0.536
270,2018,9,9,13,46,53,252,1.0,57.839,23.484,157.026,104.734,0.653,0.649,0.642,0.628,0.613,0.571,0.57,0.61,0.616,0.62,0.618,0.63,0.163,0.289,0.547,0.619,0.612,0.6,0.49,0.29,0.543,0.521,0.67,2.493,8.2,6.31,290.1,-999.0,0.536
271,2018,9,10,13,20,43,253,0.0,59.586,43.543,149.826,99.128,0.626,0.62,0.604,0.581,0.559,0.513,0.506,0.541,0.545,0.547,0.544,0.545,0.126,0.247,0.479,0.525,0.499,0.476,0.371,0.187,0.339,0.508,0.06,2.479,8.03,6.07,220.5,-999.0,0.493
272,2018,9,11,14,32,31,254,0.0,57.011,23.081,171.457,-64.85,0.754,0.754,0.758,0.753,0.735,0.687,0.687,0.737,0.746,0.748,0.749,0.76,0.184,0.347,0.666,0.751,0.741,0.728,0.605,0.351,0.631,0.574,0.0,2.484,8.4,5.94,213.3,-999.0,0.493
273,2018,9,13,13,43,10,256,0.0,59.442,26.745,156.714,103.935,0.62,0.612,0.6,0.577,0.561,0.515,0.508,0.538,0.542,0.544,0.54,0.543,0.126,0.237,0.467,0.53,0.513,0.499,0.408,0.232,0.406,0.559,0.36,2.473,8.29,6.11,257.7,0.44,0.493
274,2018,9,14,13,16,59,257,1.0,61.207,45.854,149.612,98.324,0.884,0.88,0.876,0.86,0.837,0.771,0.766,0.831,0.84,0.846,0.845,0.863,0.242,0.441,0.784,0.856,0.855,0.845,0.733,0.517,0.775,0.84,0.55,2.455,8.79,6.37,269.3,0.54,0.493
275,2018,9,15,14,28,47,258,0.0,58.579,19.88,170.93,-65.658,0.752,0.751,0.757,0.753,0.738,0.694,0.691,0.743,0.748,0.753,0.748,0.758,0.187,0.358,0.669,0.747,0.734,0.718,0.575,0.301,0.604,0.627,0.07,2.462,8.32,6.01,222.6,0.72,0.86
276,2018,9,16,14,5,37,259,0.0,59.632,5.459,163.588,108.704,0.796,0.795,0.797,0.793,0.775,0.723,0.72,0.771,0.777,0.782,0.777,0.788,0.216,0.414,0.712,0.776,0.761,0.743,0.602,0.343,0.613,0.671,0.55,2.459,8.32,5.98,266.5,0.54,0.849
277,2018,9,17,13,39,26,260,1.0,61.061,29.933,156.399,103.128,0.939,0.935,0.935,0.92,0.895,0.828,0.822,0.885,0.895,0.9,0.898,0.915,0.317,0.503,0.831,0.904,0.897,0.885,0.789,0.622,0.811,0.859,0.75,2.448,8.19,6.17,288.1,-999.0,0.849
278,2018,9,18,13,13,15,261,1.0,62.842,48.044,149.411,97.517,0.863,0.855,0.845,0.817,0.792,0.723,0.714,0.77,0.778,0.783,0.786,0.796,0.347,0.519,0.749,0.79,0.785,0.777,0.726,0.639,0.722,0.841,0.67,2.459,8.22,6.18,286.5,-999.0,0.849
279,2018,9,19,14,25,4,262,0.0,60.164,16.516,170.417,-66.448,0.84,0.841,0.851,0.855,0.84,0.791,0.793,0.848,0.853,0.858,0.856,0.868,0.212,0.422,0.777,0.854,0.841,0.821,0.668,0.366,0.69,0.699,0.08,2.458,8.29,6.02,216.1,-999.0,0.846
280,2018,9,20,14,1,53,263,0.0,61.242,9.208,163.189,107.93,0.861,0.863,0.869,0.869,0.855,0.801,0.8,0.854,0.862,0.867,0.864,0.873,0.214,0.392,0.754,0.855,0.84,0.821,0.681,0.398,0.678,0.683,0.04,2.458,8.27,5.97,211.2,0.67,0.842
281,2018,9,21,13,35,42,264,0.0,62.691,32.917,156.12,102.338,0.836,0.827,0.821,0.794,0.772,0.713,0.703,0.753,0.76,0.762,0.765,0.771,0.176,0.35,0.685,0.761,0.752,0.737,0.633,0.41,0.654,0.774,0.89,2.459,8.3,6.05,287.1,0.75,0.842
282,2018,9,22,13,9,32,265,1.0,64.487,50.113,149.218,96.713,0.897,0.883,0.864,0.829,0.801,0.727,0.715,0.77,0.781,0.784,0.779,0.794,0.217,0.412,0.726,0.789,0.783,0.775,0.651,0.425,0.726,0.872,0.98,2.456,8.32,5.94,297.7,-999.0,0.842
283,2018,9,23,14,21,20,266,1.0,61.756,13.048,169.918,-67.259,0.836,0.831,0.825,0.809,0.789,0.735,0.729,0.778,0.786,0.789,0.789,0.796,0.286,0.478,0.74,0.792,0.788,0.78,0.718,0.583,0.71,0.915,0.98,2.463,1.6,-0.18,307.2,-999.0,0.842
284,2018,9,24,13,58,9,267,0.0,62.864,12.889,162.804,107.127,0.855,0.848,0.835,0.814,0.786,0.717,0.705,0.757,0.763,0.768,0.757,0.77,0.181,0.355,0.676,0.757,0.743,0.728,0.573,0.298,0.647,0.907,0.87,2.257,1.81,-0.58,288.8,-999.0,0.842
285,2018,9,25,13,31,58,268,0.0,64.332,35.796,155.828,101.53,0.936,0.934,0.931,0.916,0.892,0.814,0.806,0.872,0.882,0.887,0.89,0.895,0.202,0.412,0.8,0.88,0.865,0.845,0.73,0.472,0.719,0.831,0.02,2.247,1.61,-1.06,197.7,0.74,0.85
286,2018,9,26,13,5,48,269,0.0,66.138,52.052,149.028,95.907,0.944,0.943,0.934,0.908,0.88,0.796,0.782,0.85,0.859,0.865,0.863,0.876,0.201,0.416,0.788,0.862,0.848,0.828,0.676,0.385,0.717,0.826,0.26,2.362,1.9,-0.76,210.6,0.91,0.847
287,2018,9,27,14,17,36,270,1.0,63.358,9.474,169.426,-68.07,0.935,0.934,0.933,0.923,0.901,0.849,0.842,0.888,0.895,0.896,0.885,0.896,0.484,0.661,0.856,0.884,0.874,0.86,0.802,0.702,0.765,0.944,0.98,2.362,1.93,-0.32,313.8,0.83,0.847
288,2019,5,1,14,17,42,121,1.0,46.745,9.501,165.394,-68.027,0.934,0.933,0.932,0.92,0.9,0.837,0.821,0.858,0.865,0.865,0.845,0.844,0.339,0.528,0.78,0.819,0.793,0.771,0.674,0.506,0.671,0.261,1.0,0.694,3.98,-15.26,307.2,0.75,0.847
289,2019,5,1,14,17,42,121,1.0,46.745,9.501,165.394,-68.027,0.934,0.933,0.932,0.92,0.9,0.837,0.821,0.858,0.865,0.865,0.845,0.844,0.339,0.528,0.78,0.819,0.793,0.771,0.674,0.506,0.671,0.261,1.0,0.694,3.98,-15.26,307.2,0.75,0.847
290,2019,5,2,13,54,31,122,0.0,47.457,16.481,156.947,106.328,0.872,0.868,0.861,0.844,0.824,0.758,0.738,0.772,0.778,0.777,0.76,0.746,0.266,0.426,0.673,0.718,0.68,0.649,0.545,0.375,0.483,0.239,1.0,0.694,3.93,-15.42,309.5,-999.0,0.821
291,2019,5,2,13,54,31,122,0.0,47.457,16.481,156.947,106.328,0.872,0.868,0.861,0.844,0.824,0.758,0.738,0.772,0.778,0.777,0.76,0.746,0.266,0.426,0.673,0.718,0.68,0.649,0.545,0.375,0.483,0.239,1.0,0.694,3.93,-15.42,309.5,-999.0,0.821
292,2019,5,3,13,28,20,123,0.0,48.598,38.492,148.692,100.731,1.079,1.084,1.101,1.105,1.08,1.004,0.983,1.036,1.045,1.049,1.024,1.008,0.237,0.445,0.862,0.958,0.892,0.838,0.66,0.354,0.528,-999.0,-999.0,-999.0,3.9,-15.56,-999.0,-999.0,0.728
293,2019,5,3,13,28,20,123,0.0,48.598,38.492,148.692,100.731,1.079,1.084,1.101,1.105,1.08,1.004,0.983,1.036,1.045,1.049,1.024,1.008,0.237,0.445,0.862,0.958,0.892,0.838,0.66,0.354,0.528,-999.0,-999.0,-999.0,3.9,-15.56,-999.0,-999.0,0.728
294,2019,5,4,13,2,9,124,1.0,50.131,53.881,140.708,95.101,0.979,0.975,0.971,0.947,0.915,0.835,0.812,0.867,0.874,0.877,0.856,0.862,0.242,0.46,0.786,0.837,0.811,0.785,0.624,0.344,0.686,0.283,1.0,0.697,3.81,-15.6,313.2,-999.0,0.849
295,2019,5,4,13,2,9,124,1.0,50.131,53.881,140.708,95.101,0.979,0.975,0.971,0.947,0.915,0.835,0.812,0.867,0.874,0.877,0.856,0.862,0.242,0.46,0.786,0.837,0.811,0.785,0.624,0.344,0.686,0.283,1.0,0.697,3.81,-15.6,313.2,-999.0,0.849
296,2019,5,5,14,13,58,125,1.0,45.684,5.84,164.089,-68.868,1.0,1.003,1.006,0.999,0.97,0.897,0.868,0.904,0.912,0.911,0.876,0.86,0.257,0.431,0.747,0.824,0.774,0.735,0.585,0.357,0.56,-999.0,-999.0,-999.0,3.39,-15.39,-999.0,-999.0,0.818
297,2019,5,5,14,13,58,125,1.0,45.684,5.84,164.089,-68.868,1.0,1.003,1.006,0.999,0.97,0.897,0.868,0.904,0.912,0.911,0.876,0.86,0.257,0.431,0.747,0.824,0.774,0.735,0.585,0.357,0.56,-999.0,-999.0,-999.0,3.39,-15.39,-999.0,-999.0,0.818
298,2019,5,6,13,50,47,126,0.0,46.487,20.008,155.551,105.529,1.054,1.062,1.084,1.099,1.077,1.013,0.989,1.029,1.035,1.036,0.99,0.966,0.274,0.51,0.858,0.915,0.84,0.779,0.563,0.235,0.46,0.37,1.0,0.704,2.81,-15.57,315.8,-999.0,0.727
299,2019,5,6,13,50,47,126,0.0,46.487,20.008,155.551,105.529,1.054,1.062,1.084,1.099,1.077,1.013,0.989,1.029,1.035,1.036,0.99,0.966,0.274,0.51,0.858,0.915,0.84,0.779,0.563,0.235,0.46,0.37,1.0,0.704,2.81,-15.57,315.8,-999.0,0.727
300,2019,5,7,13,24,36,127,0.0,47.716,41.068,147.234,99.924,0.961,0.96,0.96,0.944,0.92,0.851,0.822,0.854,0.859,0.86,0.826,0.804,0.197,0.369,0.696,0.764,0.703,0.655,0.48,0.195,0.392,0.376,0.99,0.712,2.99,-15.74,316.0,-999.0,0.737
301,2019,5,9,14,10,14,129,1.0,44.713,2.123,162.719,-69.639,0.97,0.972,0.974,0.968,0.947,0.881,0.864,0.908,0.916,0.917,0.897,0.901,0.261,0.467,0.804,0.883,0.868,0.853,0.698,0.403,0.792,0.54,0.88,0.707,2.74,-15.57,316.4,-999.0,0.737
302,2019,5,10,13,47,3,130,1.0,45.607,23.425,154.096,104.725,1.023,1.027,1.032,1.023,0.999,0.929,0.915,0.972,0.983,0.985,0.965,0.987,0.239,0.427,0.845,0.97,0.956,0.941,0.75,0.427,0.854,0.527,1.0,0.71,2.72,-15.79,316.3,-999.0,0.737
303,2019,5,11,13,20,52,131,0.0,46.929,43.518,145.727,99.12,0.967,0.963,0.956,0.934,0.905,0.825,0.804,0.854,0.862,0.863,0.853,0.852,0.209,0.404,0.755,0.831,0.807,0.784,0.632,0.334,0.663,0.493,1.0,0.71,2.65,-15.56,317.0,-999.0,0.845
304,2019,5,12,13,56,7,132,1.0,44.652,14.635,156.912,107.118,0.976,0.981,0.986,0.979,0.955,0.885,0.861,0.901,0.907,0.91,0.897,0.885,0.253,0.402,0.742,0.853,0.815,0.783,0.663,0.432,0.613,0.487,1.0,0.711,2.81,-15.67,317.3,0.79,0.825
305,2019,5,12,14,32,40,132,0.0,43.308,23.138,170.158,-64.85,0.918,0.921,0.925,0.919,0.897,0.827,0.805,0.847,0.853,0.854,0.839,0.828,0.22,0.389,0.717,0.796,0.758,0.726,0.608,0.38,0.557,0.481,1.0,0.711,2.81,-15.62,317.1,0.79,0.82
306,2019,5,13,13,29,56,133,1.0,45.85,37.114,148.386,101.255,0.87,0.866,0.86,0.84,0.816,0.745,0.727,0.773,0.78,0.78,0.772,0.773,0.326,0.495,0.719,0.751,0.73,0.709,0.625,0.488,0.603,0.536,1.0,0.71,2.79,-15.58,316.8,-999.0,0.859
307,2019,5,14,13,3,45,134,1.0,47.455,52.95,140.18,95.577,0.953,0.951,0.95,0.934,0.904,0.818,0.8,0.864,0.873,0.878,0.866,0.873,0.274,0.479,0.794,0.851,0.835,0.816,0.687,0.453,0.728,0.608,0.97,0.709,2.76,-15.28,317.0,-999.0,0.859
308,2019,5,14,13,43,18,134,1.0,44.824,26.712,152.593,103.936,0.924,0.923,0.918,0.901,0.872,0.797,0.775,0.819,0.826,0.828,0.81,0.809,0.274,0.431,0.716,0.785,0.76,0.738,0.635,0.456,0.637,0.608,0.96,0.709,2.74,-15.21,317.1,-999.0,0.859
309,2019,5,15,13,17,7,135,1.0,46.242,45.828,144.184,98.319,0.945,0.94,0.935,0.912,0.881,0.798,0.77,0.818,0.828,0.829,0.804,0.798,0.221,0.397,0.712,0.77,0.731,0.7,0.549,0.31,0.56,0.623,0.98,0.71,2.74,-14.98,317.4,-999.0,0.822
310,2019,5,16,13,52,22,136,0.0,43.892,18.222,155.394,106.227,0.944,0.946,0.945,0.934,0.908,0.837,0.804,0.831,0.837,0.838,0.81,0.785,0.209,0.361,0.666,0.743,0.684,0.64,0.49,0.233,0.414,0.413,0.84,0.711,2.62,-13.71,314.7,0.63,0.776
311,2019,5,16,14,28,56,136,0.0,42.434,19.903,168.745,-65.656,0.957,0.959,0.972,0.969,0.945,0.876,0.845,0.881,0.887,0.886,0.857,0.827,0.228,0.41,0.721,0.783,0.721,0.674,0.516,0.241,0.427,0.413,0.84,0.711,2.62,-13.71,314.7,0.63,0.764
312,2019,5,17,13,26,11,137,0.0,45.188,39.769,146.829,100.453,0.961,0.96,0.961,0.949,0.92,0.843,0.812,0.85,0.859,0.859,0.83,0.808,0.192,0.354,0.686,0.765,0.705,0.658,0.493,0.218,0.408,0.304,0.22,0.713,2.68,-12.8,246.5,0.68,0.747
313,2019,5,17,14,5,45,137,0.0,43.058,5.417,159.779,108.714,0.853,0.846,0.83,0.797,0.767,0.688,0.652,0.668,0.67,0.666,0.641,0.61,0.178,0.328,0.541,0.571,0.512,0.472,0.359,0.166,0.274,0.34,0.25,0.713,2.61,-12.8,249.2,0.68,0.568
314,2019,5,18,13,39,34,138,0.0,44.146,29.884,151.029,103.127,1.006,1.009,1.018,1.014,0.988,0.912,0.884,0.929,0.936,0.94,0.907,0.89,0.228,0.416,0.772,0.853,0.801,0.762,0.592,0.318,0.568,0.506,0.67,0.713,2.66,-12.68,284.8,-999.0,0.8
315,2019,5,19,13,13,23,139,0.0,45.663,48.022,142.6,97.513,0.947,0.945,0.942,0.921,0.893,0.813,0.784,0.824,0.831,0.835,0.809,0.791,0.202,0.387,0.701,0.753,0.703,0.661,0.507,0.239,0.455,0.482,0.13,0.705,2.62,-12.61,236.8,-999.0,0.769
316,2019,5,20,13,48,37,140,0.0,43.237,21.69,153.827,105.374,0.947,0.948,0.951,0.941,0.92,0.859,0.828,0.851,0.855,0.855,0.829,0.801,0.208,0.373,0.686,0.757,0.697,0.653,0.524,0.284,0.413,0.602,0.2,0.718,2.56,-12.63,247.2,0.66,0.768
317,2019,5,20,14,25,11,140,0.0,41.657,16.554,167.258,-66.468,0.94,0.943,0.953,0.951,0.931,0.869,0.84,0.865,0.869,0.87,0.843,0.811,0.227,0.413,0.712,0.768,0.711,0.667,0.536,0.293,0.438,0.602,0.2,0.718,2.56,-12.63,247.2,0.66,0.777
318,2019,5,21,13,22,26,141,0.0,44.633,42.279,145.233,99.631,0.932,0.928,0.927,0.911,0.888,0.82,0.788,0.816,0.822,0.822,0.8,0.773,0.189,0.35,0.662,0.734,0.681,0.64,0.518,0.289,0.413,0.602,0.06,0.716,2.6,-12.6,231.8,0.69,0.761
319,2019,5,21,14,2,0,141,0.0,42.387,9.144,158.227,107.922,0.957,0.962,0.966,0.96,0.942,0.876,0.845,0.867,0.87,0.869,0.843,0.806,0.23,0.394,0.69,0.76,0.698,0.649,0.531,0.302,0.395,0.624,0.07,0.716,2.59,-12.59,234.0,0.69,0.706
320,2019,5,22,13,35,49,142,1.0,43.579,32.886,149.439,102.331,0.893,0.892,0.89,0.877,0.856,0.796,0.776,0.805,0.811,0.812,0.789,0.781,0.317,0.462,0.709,0.755,0.72,0.692,0.588,0.432,0.553,0.738,0.53,0.719,2.65,-12.58,283.0,-999.0,0.835
321,2019,5,23,13,9,39,143,0.0,45.191,50.081,140.998,96.709,0.879,0.876,0.862,0.838,0.812,0.744,0.714,0.742,0.748,0.746,0.715,0.706,0.189,0.353,0.629,0.676,0.631,0.595,0.428,0.174,0.431,0.633,0.47,0.725,2.72,-12.54,274.4,-999.0,0.794
322,2019,5,24,13,44,52,144,1.0,42.691,25.044,152.216,104.537,0.978,0.978,0.979,0.972,0.952,0.89,0.867,0.903,0.91,0.911,0.888,0.883,0.326,0.506,0.795,0.858,0.831,0.808,0.702,0.51,0.709,0.725,0.66,0.402,2.45,-12.55,296.9,-999.0,0.794
323,2019,5,24,14,21,27,144,0.0,40.99,13.09,165.713,-67.264,0.874,0.874,0.875,0.865,0.842,0.781,0.751,0.774,0.778,0.775,0.741,0.72,0.224,0.39,0.641,0.686,0.637,0.596,0.468,0.258,0.43,0.725,0.66,0.402,2.45,-12.55,296.9,-999.0,0.814
324,2019,5,25,13,18,41,145,1.0,44.192,44.663,143.61,98.807,0.916,0.913,0.908,0.896,0.873,0.813,0.802,0.845,0.85,0.853,0.849,0.852,0.416,0.57,0.795,0.842,0.835,0.823,0.775,0.685,0.78,0.862,0.91,0.462,2.44,-12.64,318.0,-999.0,0.814
325,2019,5,25,13,58,16,145,1.0,41.827,12.849,156.619,107.117,0.975,0.975,0.976,0.968,0.946,0.886,0.872,0.912,0.918,0.922,0.909,0.911,0.447,0.61,0.848,0.897,0.887,0.875,0.814,0.698,0.825,0.864,0.94,0.447,2.41,-12.6,320.5,-999.0,0.814
326,2019,5,26,13,32,5,146,1.0,43.124,35.766,147.809,101.524,0.974,0.979,0.984,0.976,0.953,0.886,0.863,0.902,0.908,0.91,0.883,0.877,0.268,0.466,0.789,0.849,0.818,0.791,0.645,0.381,0.686,0.717,0.78,0.461,2.24,-12.46,306.3,-999.0,0.814
327,2019,5,27,13,5,54,147,0.0,44.837,52.044,139.377,95.9,0.888,0.886,0.883,0.868,0.843,0.77,0.743,0.775,0.779,0.78,0.757,0.734,0.192,0.37,0.653,0.697,0.645,0.606,0.473,0.237,0.384,0.633,0.12,0.505,2.26,-12.61,239.4,-999.0,0.666
328,2019,5,27,13,5,54,147,0.0,44.837,52.044,139.377,95.9,0.888,0.886,0.883,0.868,0.843,0.77,0.743,0.775,0.779,0.78,0.757,0.734,0.192,0.37,0.653,0.697,0.645,0.606,0.473,0.237,0.384,0.633,0.12,0.505,2.26,-12.61,239.4,-999.0,0.666
329,2019,5,28,13,41,6,148,0.0,42.263,28.288,150.569,103.71,0.915,0.914,0.915,0.908,0.887,0.825,0.792,0.812,0.817,0.816,0.79,0.758,0.209,0.38,0.67,0.716,0.659,0.617,0.493,0.265,0.382,0.646,0.09,0.481,2.12,-12.72,237.3,-999.0,0.691
330,2019,5,28,14,17,42,148,0.0,40.438,9.499,164.109,-68.074,0.939,0.943,0.957,0.961,0.945,0.883,0.854,0.871,0.877,0.874,0.846,0.805,0.245,0.45,0.724,0.759,0.694,0.643,0.512,0.267,0.386,0.646,0.09,0.481,2.12,-12.72,237.3,-999.0,0.697
331,2019,5,29,13,14,55,149,0.0,43.865,46.918,141.975,98.013,0.901,0.897,0.895,0.878,0.855,0.786,0.755,0.782,0.785,0.786,0.764,0.738,0.184,0.347,0.639,0.701,0.649,0.612,0.493,0.272,0.397,0.634,0.06,0.512,2.02,-12.75,231.7,-999.0,0.686
332,2019,5,29,13,54,31,149,0.0,41.382,16.484,154.974,106.325,0.938,0.942,0.948,0.944,0.926,0.861,0.828,0.845,0.85,0.848,0.822,0.78,0.228,0.412,0.69,0.736,0.673,0.627,0.513,0.294,0.377,0.641,0.05,0.508,2.0,-12.73,232.4,-999.0,0.695
333,2019,5,29,13,54,31,149,0.0,41.382,16.484,154.974,106.325,0.938,0.942,0.948,0.944,0.926,0.861,0.828,0.845,0.85,0.848,0.822,0.78,0.228,0.412,0.69,0.736,0.673,0.627,0.513,0.294,0.377,0.641,0.05,0.508,2.0,-12.73,232.4,-999.0,0.695
334,2019,5,31,13,2,9,151,0.0,44.596,53.896,137.752,95.091,0.891,0.889,0.886,0.867,0.841,0.767,0.739,0.771,0.776,0.776,0.759,0.733,0.19,0.376,0.655,0.696,0.644,0.605,0.503,0.298,0.387,0.63,0.0,0.561,1.75,-12.8,228.8,-999.0,0.668
335,2019,6,1,14,13,58,152,0.0,40.001,5.841,162.462,-68.857,0.942,0.947,0.957,0.956,0.937,0.875,0.845,0.864,0.867,0.865,0.84,0.804,0.229,0.405,0.695,0.759,0.698,0.654,0.528,0.289,0.419,0.66,0.09,0.562,1.71,-12.99,226.9,-999.0,0.775
336,2019,6,2,13,50,47,153,0.0,41.057,20.012,153.309,105.524,0.973,0.978,0.984,0.982,0.96,0.897,0.869,0.901,0.904,0.905,0.878,0.861,0.247,0.461,0.772,0.823,0.78,0.742,0.595,0.335,0.577,0.707,0.77,0.554,1.53,-13.1,287.2,-999.0,0.821
337,2019,6,3,13,24,36,154,0.0,42.565,41.074,144.514,99.922,0.928,0.928,0.93,0.919,0.895,0.829,0.8,0.832,0.836,0.837,0.818,0.796,0.201,0.371,0.693,0.76,0.714,0.679,0.557,0.318,0.496,0.656,0.08,0.615,1.65,-13.09,226.9,-999.0,0.797
338,2019,6,5,14,10,13,156,0.0,39.683,2.121,160.779,-69.65,0.892,0.895,0.904,0.904,0.883,0.825,0.794,0.812,0.817,0.814,0.783,0.751,0.225,0.383,0.65,0.711,0.652,0.609,0.484,0.268,0.387,0.732,0.51,0.646,1.39,-13.28,276.3,-999.0,0.705
339,2019,6,6,13,47,2,157,1.0,40.851,23.429,151.63,104.727,0.98,0.983,0.987,0.979,0.953,0.895,0.874,0.91,0.918,0.92,0.884,0.9,0.277,0.454,0.788,0.881,0.861,0.844,0.665,0.366,0.772,0.864,0.98,0.661,0.85,-13.69,319.4,-999.0,0.705
340,2019,6,7,13,20,51,158,1.0,42.465,43.524,142.869,99.118,0.955,0.954,0.953,0.938,0.912,0.841,0.825,0.878,0.886,0.89,0.878,0.885,0.259,0.46,0.8,0.873,0.862,0.849,0.708,0.432,0.794,0.843,0.89,0.629,1.2,-13.48,315.1,-999.0,0.705
341,2019,6,8,14,32,39,159,0.0,38.698,23.125,168.514,-64.865,0.829,0.828,0.827,0.815,0.79,0.725,0.683,0.698,0.7,0.699,0.651,0.631,0.15,0.271,0.529,0.593,0.538,0.502,0.358,0.154,0.357,0.822,0.84,0.956,1.06,-13.64,314.4,-999.0,0.917
342,2019,6,10,13,43,17,161,0.0,40.769,26.731,149.962,103.922,0.926,0.931,0.942,0.94,0.919,0.854,0.825,0.851,0.855,0.856,0.829,0.791,0.208,0.37,0.677,0.746,0.682,0.632,0.508,0.279,0.371,0.635,0.06,0.752,0.82,-13.51,241.4,-999.0,0.682
343,2019,6,11,13,17,6,162,1.0,42.486,45.849,141.254,98.308,0.974,0.971,0.97,0.953,0.929,0.863,0.857,0.911,0.919,0.925,0.929,0.938,0.442,0.631,0.886,0.93,0.926,0.919,0.868,0.763,0.859,0.871,0.94,0.745,0.7,-13.84,327.5,-999.0,0.682
344,2019,6,12,14,28,54,163,1.0,38.514,19.904,166.821,-65.667,0.972,0.973,0.979,0.974,0.951,0.893,0.883,0.937,0.945,0.947,0.943,0.954,0.373,0.575,0.879,0.945,0.944,0.936,0.85,0.662,0.888,0.849,0.94,0.796,0.59,-13.95,324.0,-999.0,0.682
345,2019,6,14,13,39,32,165,0.0,40.811,29.905,148.319,103.122,0.9,0.905,0.915,0.915,0.896,0.842,0.811,0.828,0.832,0.832,0.786,0.762,0.202,0.364,0.658,0.715,0.648,0.596,0.421,0.154,0.344,0.606,0.59,0.902,0.74,-13.69,290.9,0.6,0.641
346,2019,6,15,13,13,21,166,0.0,42.628,48.052,139.677,97.502,0.878,0.875,0.881,0.873,0.852,0.797,0.767,0.789,0.793,0.794,0.754,0.735,0.196,0.361,0.641,0.694,0.634,0.587,0.412,0.151,0.351,0.588,0.41,0.916,0.57,-13.79,272.7,0.54,0.65
347,2019,6,16,14,25,10,167,0.0,38.455,16.558,165.126,-66.473,0.891,0.897,0.918,0.93,0.915,0.867,0.841,0.857,0.86,0.859,0.823,0.785,0.233,0.409,0.687,0.74,0.672,0.62,0.471,0.215,0.354,0.605,0.32,0.997,0.44,-13.82,264.8,0.57,0.669
348,2019,6,17,14,1,59,168,0.0,39.478,9.166,155.738,107.919,0.903,0.91,0.924,0.931,0.915,0.865,0.837,0.852,0.854,0.854,0.819,0.779,0.231,0.385,0.661,0.731,0.662,0.61,0.471,0.23,0.336,0.607,0.33,1.029,0.37,-13.79,267.8,0.55,0.646
349,2019,6,18,13,35,48,169,0.0,40.971,32.892,146.734,102.328,0.882,0.887,0.897,0.897,0.879,0.825,0.798,0.818,0.822,0.821,0.785,0.757,0.211,0.374,0.659,0.714,0.651,0.604,0.452,0.201,0.356,0.608,0.34,1.103,0.42,-13.78,263.1,0.47,0.664
350,2019,6,19,13,9,37,170,0.0,42.884,50.097,138.178,96.702,0.865,0.864,0.868,0.859,0.838,0.777,0.751,0.779,0.785,0.783,0.752,0.732,0.198,0.37,0.647,0.695,0.64,0.595,0.436,0.178,0.365,0.599,0.28,1.105,0.35,-13.81,257.3,0.54,0.65
351,2019,6,20,14,21,26,171,0.0,38.519,13.093,163.444,-67.255,0.89,0.897,0.918,0.928,0.913,0.865,0.841,0.863,0.865,0.865,0.831,0.795,0.246,0.435,0.708,0.751,0.686,0.633,0.478,0.21,0.368,0.608,0.29,1.162,0.29,-13.9,258.7,0.55,0.673
352,2019,6,21,13,58,15,172,0.0,39.655,12.872,154.108,107.12,0.888,0.893,0.909,0.913,0.898,0.846,0.822,0.842,0.846,0.844,0.814,0.779,0.231,0.4,0.677,0.733,0.668,0.62,0.483,0.239,0.355,0.606,0.25,1.204,0.2,-13.9,254.6,0.51,0.67
353,2019,6,22,13,32,4,173,0.0,41.253,35.771,145.187,101.52,0.876,0.878,0.887,0.886,0.865,0.806,0.781,0.805,0.809,0.809,0.777,0.752,0.212,0.381,0.663,0.711,0.652,0.608,0.455,0.198,0.366,0.601,0.28,0.696,0.1,-13.95,255.2,0.51,0.665
354,2019,6,23,13,5,53,174,1.0,43.255,52.048,136.734,95.898,0.881,0.878,0.877,0.862,0.839,0.778,0.761,0.799,0.806,0.807,0.779,0.793,0.265,0.452,0.724,0.773,0.754,0.733,0.562,0.291,0.657,0.697,0.92,1.268,-0.04,-14.01,319.6,0.5,0.665
355,2019,6,24,14,17,41,175,1.0,38.709,9.52,161.799,-68.068,0.897,0.899,0.905,0.906,0.888,0.838,0.828,0.867,0.873,0.876,0.853,0.861,0.299,0.512,0.799,0.847,0.837,0.823,0.653,0.342,0.772,0.79,1.0,1.325,0.06,-13.96,337.0,-999.0,0.665
356,2019,6,25,13,54,30,176,1.0,39.954,16.485,152.542,106.313,0.991,0.998,1.014,1.023,1.004,0.95,0.942,0.991,0.998,1.002,0.978,0.993,0.311,0.545,0.9,0.982,0.977,0.964,0.739,0.346,0.928,0.74,1.0,1.349,0.12,-13.73,335.8,-999.0,0.665
357,2019,6,26,13,28,20,177,1.0,41.649,38.498,143.716,100.717,0.918,0.914,0.908,0.89,0.865,0.807,0.796,0.842,0.85,0.854,0.834,0.853,0.289,0.467,0.77,0.843,0.836,0.826,0.677,0.417,0.773,0.795,1.0,1.422,0.02,-13.89,344.5,-999.0,0.665
358,2019,6,27,13,2,9,178,0.0,43.735,53.891,135.372,95.092,0.863,0.859,0.858,0.842,0.818,0.75,0.726,0.762,0.769,0.767,0.731,0.723,0.193,0.372,0.647,0.687,0.633,0.591,0.402,0.132,0.366,0.593,0.3,1.457,0.1,-13.66,258.2,-999.0,0.645
359,2019,6,28,14,13,57,179,0.0,39.021,5.842,160.198,-68.867,0.818,0.82,0.828,0.824,0.809,0.757,0.732,0.752,0.754,0.753,0.727,0.694,0.201,0.349,0.597,0.653,0.594,0.553,0.436,0.228,0.322,0.62,0.28,1.516,0.1,-13.91,259.5,0.42,0.593
360,2019,6,29,13,50,46,180,1.0,40.37,20.013,151.043,105.522,0.942,0.944,0.951,0.947,0.927,0.87,0.855,0.898,0.904,0.905,0.878,0.879,0.28,0.494,0.799,0.859,0.837,0.812,0.647,0.373,0.734,0.754,0.98,0.687,0.16,-13.9,314.6,0.46,0.593
361,2019,6,30,13,24,35,181,0.0,42.157,41.078,142.326,99.921,0.917,0.92,0.929,0.929,0.91,0.855,0.843,0.885,0.892,0.894,0.878,0.866,0.218,0.404,0.757,0.837,0.804,0.777,0.634,0.353,0.644,0.686,0.88,1.597,0.22,-13.57,308.4,-999.0,0.836
362,2019,7,2,14,10,13,183,0.0,39.451,2.124,158.666,-69.676,0.849,0.843,0.833,0.816,0.792,0.736,0.72,0.756,0.763,0.763,0.737,0.732,0.2,0.363,0.644,0.711,0.672,0.641,0.474,0.213,0.456,0.703,1.0,1.647,0.38,-13.7,324.9,-999.0,0.812
363,2019,7,3,13,47,2,184,0.0,40.898,23.413,149.626,104.72,0.89,0.894,0.907,0.91,0.894,0.843,0.827,0.858,0.862,0.864,0.839,0.812,0.211,0.374,0.691,0.776,0.719,0.675,0.536,0.276,0.402,0.623,0.17,0.64,0.29,-13.68,250.5,-999.0,0.698
364,2019,7,4,13,20,51,185,0.0,42.771,43.515,141.026,99.118,0.842,0.843,0.85,0.845,0.828,0.775,0.759,0.788,0.793,0.793,0.768,0.747,0.196,0.358,0.65,0.711,0.657,0.616,0.472,0.225,0.384,0.605,0.22,1.669,0.49,-13.58,254.5,0.47,0.657
365,2019,7,5,14,32,39,186,0.0,38.922,23.162,166.51,-64.854,0.847,0.854,0.876,0.893,0.883,0.842,0.833,0.861,0.863,0.863,0.84,0.809,0.22,0.387,0.695,0.768,0.706,0.659,0.523,0.272,0.391,0.618,0.21,1.756,0.64,-13.51,253.6,0.39,0.666
366,2019,7,6,14,6,28,187,0.0,39.996,1.633,157.211,109.489,0.935,0.945,0.97,0.987,0.975,0.929,0.924,0.955,0.961,0.96,0.919,0.901,0.274,0.48,0.795,0.861,0.801,0.752,0.55,0.24,0.505,0.649,0.76,1.865,0.65,-13.45,309.7,0.44,0.745
367,2019,7,7,13,43,17,188,1.0,41.534,26.717,148.287,103.922,0.851,0.848,0.849,0.839,0.817,0.769,0.758,0.787,0.792,0.793,0.76,0.763,0.223,0.378,0.667,0.742,0.716,0.693,0.522,0.254,0.618,0.701,0.96,1.908,0.82,-13.43,332.7,-999.0,0.745
368,2019,7,9,14,28,55,190,0.0,39.479,19.927,165.023,-65.662,0.721,0.722,0.728,0.728,0.713,0.674,0.666,0.684,0.687,0.686,0.656,0.644,0.177,0.312,0.555,0.612,0.568,0.534,0.39,0.172,0.367,0.634,0.74,1.944,0.76,-13.35,306.1,-999.0,0.766
369,2019,7,10,14,5,44,191,0.0,40.649,5.396,155.85,108.701,0.814,0.819,0.838,0.848,0.836,0.797,0.796,0.82,0.826,0.823,0.794,0.768,0.235,0.42,0.682,0.728,0.668,0.62,0.458,0.189,0.363,0.581,0.28,0.64,0.96,-13.23,255.8,-999.0,0.656
370,2019,7,10,14,5,44,191,0.0,40.649,5.396,155.85,108.701,0.814,0.819,0.838,0.848,0.836,0.797,0.796,0.82,0.826,0.823,0.794,0.768,0.235,0.42,0.682,0.728,0.668,0.62,0.458,0.189,0.363,0.581,0.28,0.64,0.96,-13.23,255.8,-999.0,0.656
371,2019,7,11,13,39,33,192,0.0,42.275,29.874,147.061,103.125,0.844,0.846,0.859,0.862,0.847,0.801,0.796,0.821,0.826,0.826,0.793,0.775,0.206,0.37,0.67,0.733,0.675,0.628,0.455,0.185,0.38,0.587,0.3,2.094,1.04,-13.19,257.8,0.34,0.662
372,2019,7,11,13,39,33,192,0.0,42.275,29.874,147.061,103.125,0.844,0.846,0.859,0.862,0.847,0.801,0.796,0.821,0.826,0.826,0.793,0.775,0.206,0.37,0.67,0.733,0.675,0.628,0.455,0.185,0.38,0.587,0.3,2.094,1.04,-13.19,257.8,0.34,0.662
373,2019,7,12,13,13,22,193,0.0,44.303,48.018,138.726,97.513,0.79,0.787,0.786,0.776,0.756,0.7,0.692,0.723,0.728,0.729,0.705,0.699,0.186,0.347,0.619,0.669,0.631,0.598,0.446,0.202,0.431,0.592,0.59,2.095,1.04,-13.19,287.2,-999.0,0.781
374,2019,7,12,13,13,22,193,0.0,44.303,48.018,138.726,97.513,0.79,0.787,0.786,0.776,0.756,0.7,0.692,0.723,0.728,0.729,0.705,0.699,0.186,0.347,0.619,0.669,0.631,0.598,0.446,0.202,0.431,0.592,0.59,2.095,1.04,-13.19,287.2,-999.0,0.781
375,2019,7,13,14,25,10,194,0.0,40.144,16.578,163.632,-66.463,0.807,0.813,0.837,0.854,0.844,0.806,0.808,0.833,0.836,0.837,0.81,0.783,0.23,0.408,0.689,0.741,0.682,0.634,0.483,0.222,0.383,0.585,0.28,2.151,1.01,-13.19,259.2,0.37,0.663
376,2019,7,13,14,25,10,194,0.0,40.144,16.578,163.632,-66.463,0.807,0.813,0.837,0.854,0.844,0.806,0.808,0.833,0.836,0.837,0.81,0.783,0.23,0.408,0.689,0.741,0.682,0.634,0.483,0.222,0.383,0.585,0.28,2.151,1.01,-13.19,259.2,0.37,0.663
377,2019,7,14,14,1,59,195,0.0,41.405,9.146,154.586,107.915,0.796,0.802,0.819,0.83,0.82,0.78,0.782,0.808,0.813,0.814,0.789,0.76,0.22,0.373,0.649,0.718,0.66,0.611,0.468,0.219,0.351,0.579,0.25,0.659,1.16,-13.12,259.1,-999.0,0.646
378,2019,7,14,14,1,59,195,0.0,41.405,9.146,154.586,107.915,0.796,0.802,0.819,0.83,0.82,0.78,0.782,0.808,0.813,0.814,0.789,0.76,0.22,0.373,0.649,0.718,0.66,0.611,0.468,0.219,0.351,0.579,0.25,0.659,1.16,-13.12,259.1,-999.0,0.646
379,2019,7,15,13,35,48,196,0.0,43.111,32.89,145.935,102.324,0.799,0.804,0.817,0.822,0.807,0.764,0.765,0.793,0.796,0.796,0.768,0.75,0.205,0.367,0.654,0.71,0.655,0.61,0.443,0.181,0.368,0.577,0.3,0.658,1.14,-13.11,259.4,-999.0,0.646
380,2019,7,15,13,35,48,196,0.0,43.111,32.89,145.935,102.324,0.799,0.804,0.817,0.822,0.807,0.764,0.765,0.793,0.796,0.796,0.768,0.75,0.205,0.367,0.654,0.71,0.655,0.61,0.443,0.181,0.368,0.577,0.3,0.658,1.14,-13.11,259.4,-999.0,0.646
381,2019,7,16,13,9,37,197,0.0,45.206,50.086,137.734,96.706,0.744,0.739,0.73,0.71,0.691,0.64,0.632,0.66,0.665,0.664,0.641,0.64,0.175,0.324,0.572,0.615,0.583,0.557,0.407,0.181,0.433,0.665,0.97,2.244,1.19,-13.14,320.4,0.31,0.827
382,2019,7,17,14,21,25,198,0.0,40.914,13.109,162.332,-67.275,0.849,0.858,0.884,0.902,0.891,0.854,0.862,0.891,0.895,0.891,0.858,0.833,0.249,0.441,0.737,0.79,0.726,0.675,0.481,0.189,0.398,0.593,0.52,-999.0,1.14,-13.07,280.0,-999.0,0.673
383,2019,7,18,13,58,14,199,1.0,42.259,12.83,153.429,107.116,0.764,0.766,0.769,0.766,0.753,0.715,0.714,0.741,0.745,0.745,0.713,0.719,0.223,0.376,0.633,0.694,0.666,0.639,0.457,0.189,0.532,0.632,1.0,0.634,1.06,-13.08,340.5,-999.0,0.673
384,2019,7,19,13,32,4,200,0.0,44.037,35.754,144.915,101.521,0.764,0.766,0.774,0.777,0.763,0.725,0.729,0.758,0.761,0.762,0.732,0.723,0.204,0.363,0.635,0.687,0.637,0.593,0.424,0.164,0.366,0.553,0.39,0.615,0.97,-13.07,272.8,-999.0,0.635
385,2019,7,20,13,5,53,201,0.0,46.194,52.038,136.847,95.898,0.789,0.791,0.801,0.805,0.791,0.744,0.748,0.786,0.793,0.792,0.769,0.759,0.205,0.384,0.673,0.724,0.675,0.634,0.469,0.196,0.398,0.535,0.29,2.458,0.82,-13.03,262.3,-999.0,0.632
386,2019,7,21,14,17,41,202,0.0,41.781,9.541,161.131,-68.048,0.759,0.767,0.788,0.808,0.796,0.764,0.78,0.814,0.818,0.818,0.792,0.776,0.243,0.435,0.699,0.739,0.684,0.639,0.47,0.2,0.398,0.527,0.41,2.587,0.48,-13.09,271.6,-999.0,0.66
387,2019,7,22,13,54,30,203,0.0,43.204,16.448,152.37,106.333,0.762,0.766,0.784,0.794,0.784,0.747,0.76,0.791,0.794,0.794,0.776,0.752,0.224,0.396,0.661,0.713,0.658,0.612,0.471,0.226,0.368,0.503,0.29,2.558,0.16,-13.09,258.9,-999.0,0.647
388,2019,7,23,13,28,19,204,0.0,45.047,38.482,143.995,100.72,0.751,0.755,0.763,0.764,0.751,0.709,0.72,0.755,0.759,0.762,0.743,0.733,0.184,0.338,0.629,0.697,0.65,0.607,0.45,0.193,0.375,0.471,0.33,2.621,-0.32,-13.25,263.8,-999.0,0.628
389,2019,7,24,13,2,8,205,1.0,47.26,53.879,136.066,95.092,0.829,0.827,0.825,0.809,0.789,0.733,0.734,0.788,0.797,0.799,0.788,0.811,0.243,0.45,0.747,0.801,0.802,0.792,0.613,0.294,0.759,0.507,1.0,2.648,-0.73,-13.39,323.9,-999.0,0.628
390,2019,7,25,14,13,56,206,0.0,42.741,5.863,160.022,-68.864,0.668,0.669,0.672,0.666,0.652,0.614,0.618,0.643,0.646,0.645,0.624,0.611,0.172,0.302,0.528,0.581,0.539,0.503,0.369,0.159,0.316,0.403,0.4,0.575,-0.85,-13.21,266.3,-999.0,0.53
391,2019,7,26,13,50,45,207,0.0,44.236,19.993,151.41,105.526,0.696,0.69,0.682,0.668,0.65,0.608,0.608,0.639,0.643,0.644,0.627,0.636,0.194,0.352,0.579,0.622,0.605,0.586,0.44,0.207,0.514,0.458,1.0,0.544,-1.13,-13.29,327.4,-999.0,0.53
392,2019,7,27,13,24,34,208,1.0,46.14,41.077,143.18,99.923,0.721,0.717,0.712,0.699,0.682,0.636,0.635,0.672,0.678,0.682,0.674,0.679,0.205,0.351,0.608,0.664,0.649,0.631,0.521,0.319,0.562,0.386,0.85,2.54,-1.25,-13.13,310.6,-999.0,0.53
393,2019,7,29,14,10,11,210,0.0,43.786,2.139,159.019,-69.805,0.67,0.672,0.681,0.688,0.678,0.645,0.664,0.699,0.701,0.703,0.691,0.681,0.196,0.349,0.599,0.652,0.61,0.573,0.431,0.191,0.353,0.408,0.24,2.668,-1.62,-12.88,253.0,-999.0,0.637
394,2019,8,1,14,32,37,213,0.0,43.726,23.157,166.739,-64.858,0.484,0.483,0.483,0.482,0.473,0.451,0.454,0.466,0.468,0.467,0.449,0.435,0.117,0.204,0.37,0.412,0.377,0.352,0.255,0.106,0.225,0.303,0.47,0.669,-2.57,-10.89,282.4,-999.0,0.39
395,2019,8,2,14,6,26,214,0.0,44.912,1.612,158.113,109.484,0.477,0.473,0.469,0.465,0.455,0.431,0.435,0.446,0.447,0.446,0.433,0.415,0.125,0.22,0.364,0.392,0.354,0.326,0.239,0.102,0.183,0.304,0.31,0.662,-3.12,-10.9,265.8,0.25,0.383
396,2019,8,3,13,43,15,215,0.0,46.53,26.698,149.796,103.928,0.488,0.481,0.471,0.459,0.447,0.42,0.418,0.429,0.43,0.431,0.413,0.404,0.113,0.192,0.349,0.384,0.355,0.332,0.236,0.096,0.222,0.266,0.43,0.664,-3.24,-10.56,278.0,0.2,0.376
397,2019,8,4,13,17,4,216,0.0,48.533,45.81,141.853,98.317,0.494,0.483,0.461,0.434,0.42,0.384,0.374,0.385,0.387,0.386,0.371,0.363,0.095,0.174,0.317,0.345,0.315,0.293,0.202,0.072,0.178,0.267,0.37,0.666,-3.68,-10.59,271.3,-999.0,0.308
398,2019,8,10,14,1,56,222,0.0,47.375,9.127,156.578,107.932,0.376,0.369,0.352,0.333,0.322,0.294,0.285,0.288,0.289,0.289,0.276,0.258,0.074,0.125,0.22,0.241,0.213,0.193,0.142,0.06,0.104,0.243,0.27,2.557,-3.91,-9.52,255.8,-999.0,0.274
399,2019,8,11,13,35,45,223,0.0,49.089,32.869,148.551,102.326,0.429,0.418,0.398,0.374,0.361,0.332,0.328,0.343,0.344,0.345,0.341,0.339,0.092,0.165,0.298,0.324,0.303,0.284,0.217,0.102,0.178,0.259,0.19,2.52,-4.3,-9.29,249.1,-999.0,0.31
400,2019,8,11,13,35,45,223,0.0,49.089,32.869,148.551,102.326,0.429,0.418,0.398,0.374,0.361,0.332,0.328,0.343,0.344,0.345,0.341,0.339,0.092,0.165,0.298,0.324,0.303,0.284,0.217,0.102,0.178,0.259,0.19,2.52,-4.3,-9.29,249.1,-999.0,0.31
401,2019,8,12,13,9,34,224,1.0,51.171,50.07,140.867,96.71,0.762,0.753,0.739,0.715,0.694,0.64,0.633,0.667,0.673,0.676,0.675,0.683,0.281,0.435,0.644,0.677,0.672,0.664,0.589,0.432,0.625,0.292,0.9,2.521,-4.76,-9.37,318.7,-999.0,0.31
402,2019,8,12,13,9,34,224,1.0,51.171,50.07,140.867,96.71,0.762,0.753,0.739,0.715,0.694,0.64,0.633,0.667,0.673,0.676,0.675,0.683,0.281,0.435,0.644,0.677,0.672,0.664,0.589,0.432,0.625,0.292,0.9,2.521,-4.76,-9.37,318.7,-999.0,0.31
403,2019,8,13,14,21,23,225,0.0,47.344,13.107,164.119,-67.274,0.478,0.471,0.456,0.437,0.424,0.394,0.384,0.398,0.4,0.399,0.39,0.388,0.143,0.232,0.357,0.378,0.366,0.355,0.287,0.164,0.319,0.21,0.85,0.61,-4.13,-9.38,314.1,-999.0,0.31
404,2019,8,14,13,58,11,226,0.0,48.699,12.829,155.938,107.122,0.351,0.342,0.32,0.294,0.282,0.254,0.243,0.245,0.245,0.245,0.236,0.223,0.065,0.112,0.194,0.209,0.187,0.174,0.13,0.061,0.105,0.22,0.21,2.534,-4.69,-9.26,248.1,-999.0,0.31
405,2019,8,15,13,32,0,227,0.0,50.453,35.736,148.05,101.528,0.431,0.421,0.395,0.365,0.35,0.316,0.306,0.318,0.321,0.321,0.315,0.313,0.084,0.154,0.277,0.301,0.281,0.264,0.2,0.092,0.175,0.268,0.19,2.537,-4.61,-9.34,244.5,-999.0,0.295
406,2019,8,16,13,5,49,228,0.0,52.567,52.02,140.491,95.901,0.516,0.5,0.471,0.435,0.415,0.371,0.359,0.377,0.38,0.38,0.374,0.373,0.098,0.188,0.332,0.359,0.338,0.322,0.244,0.113,0.215,0.297,0.17,0.696,-2.04,-10.83,242.8,-999.0,0.311
407,2019,8,17,14,17,37,229,0.0,48.678,9.538,163.414,-68.071,0.536,0.534,0.531,0.525,0.513,0.485,0.486,0.516,0.52,0.522,0.515,0.527,0.177,0.308,0.488,0.52,0.518,0.51,0.403,0.208,0.478,0.257,0.47,2.518,-1.96,-11.63,273.5,-999.0,0.311
408,2019,8,18,13,54,26,230,0.0,50.077,16.443,155.373,106.32,0.58,0.575,0.563,0.548,0.532,0.493,0.488,0.517,0.522,0.524,0.517,0.523,0.162,0.282,0.472,0.514,0.506,0.495,0.398,0.228,0.462,0.259,1.0,2.509,-2.61,-12.58,324.5,-999.0,0.311
409,2019,8,19,13,28,15,231,0.0,51.868,38.461,147.618,100.725,0.465,0.451,0.423,0.387,0.37,0.332,0.32,0.334,0.336,0.336,0.331,0.33,0.082,0.149,0.284,0.318,0.299,0.283,0.21,0.093,0.19,0.284,0.25,0.691,-2.79,-13.04,246.4,-999.0,0.311
410,2019,9,1,14,28,49,244,1.0,53.354,19.86,168.932,-65.654,0.859,0.86,0.86,0.858,0.841,0.793,0.794,0.842,0.851,0.852,0.848,0.864,0.293,0.482,0.789,0.86,0.861,0.858,0.717,0.453,0.818,0.431,0.99,0.632,2.58,2.76,319.1,-999.0,0.311
411,2019,9,2,14,5,39,245,0.0,54.501,5.462,161.222,108.718,0.438,0.429,0.413,0.39,0.378,0.347,0.342,0.354,0.356,0.356,0.347,0.341,0.096,0.18,0.305,0.327,0.303,0.283,0.208,0.088,0.172,0.297,0.48,0.646,3.33,2.35,274.3,-999.0,0.357
412,2019,9,3,13,39,28,246,1.0,56.037,29.914,153.713,103.131,0.846,0.842,0.836,0.82,0.799,0.754,0.747,0.791,0.796,0.802,0.791,0.812,0.293,0.462,0.741,0.805,0.803,0.796,0.675,0.468,0.747,0.288,0.95,0.678,3.44,2.56,317.6,-999.0,0.357
413,2019,9,4,13,13,17,247,1.0,57.932,48.042,146.443,97.516,0.673,0.664,0.645,0.615,0.595,0.543,0.53,0.564,0.568,0.571,0.564,0.572,0.206,0.329,0.526,0.565,0.561,0.552,0.466,0.319,0.526,0.209,1.0,0.677,3.62,2.7,329.0,-999.0,0.357
414,2019,9,5,14,25,6,248,0.0,54.869,16.514,168.38,-66.449,0.43,0.421,0.402,0.379,0.365,0.333,0.323,0.334,0.335,0.336,0.328,0.327,0.116,0.185,0.294,0.316,0.299,0.287,0.233,0.148,0.226,0.291,0.1,0.687,3.64,2.66,236.1,-999.0,0.357
415,2019,9,6,14,1,55,249,1.0,56.05,9.189,160.804,107.949,0.803,0.805,0.805,0.8,0.785,0.738,0.739,0.784,0.792,0.797,0.795,0.809,0.258,0.429,0.724,0.803,0.805,0.8,0.674,0.416,0.741,0.188,0.97,0.708,1.17,2.5,326.0,-999.0,0.357
416,2019,9,7,13,35,44,250,1.0,57.61,32.916,153.414,102.335,0.702,0.699,0.691,0.674,0.655,0.605,0.597,0.636,0.64,0.643,0.641,0.645,0.22,0.363,0.591,0.636,0.627,0.616,0.544,0.4,0.568,0.245,0.31,0.748,0.81,2.08,259.0,-999.0,0.357
417,2019,9,8,13,9,33,251,0.0,59.525,50.109,146.251,96.713,0.573,0.56,0.534,0.5,0.481,0.431,0.417,0.44,0.444,0.444,0.442,0.438,0.108,0.21,0.39,0.423,0.398,0.377,0.306,0.172,0.243,0.346,0.0,0.621,2.06,3.15,191.7,-999.0,0.373
418,2019,9,9,14,21,22,252,1.0,56.413,13.027,167.862,-67.252,0.627,0.622,0.615,0.604,0.59,0.552,0.549,0.581,0.586,0.587,0.585,0.59,0.237,0.368,0.549,0.582,0.575,0.564,0.497,0.368,0.511,0.354,0.63,0.617,4.41,3.6,287.0,-999.0,0.373
419,2019,9,10,13,58,11,253,0.0,57.625,12.911,160.406,107.131,0.468,0.462,0.446,0.427,0.413,0.38,0.372,0.388,0.389,0.391,0.386,0.377,0.1,0.183,0.329,0.36,0.334,0.314,0.257,0.153,0.193,0.361,0.0,0.652,4.96,3.24,192.6,-999.0,0.393
420,2019,9,11,13,32,0,254,0.0,59.208,35.795,153.137,101.535,0.522,0.514,0.492,0.464,0.446,0.401,0.389,0.41,0.413,0.413,0.41,0.405,0.1,0.193,0.359,0.388,0.364,0.344,0.281,0.164,0.227,0.375,0.0,0.62,2.19,2.05,182.8,-999.0,0.393
421,2019,9,12,13,5,49,255,1.0,61.138,52.059,146.083,95.908,0.718,0.711,0.698,0.673,0.651,0.59,0.585,0.63,0.637,0.638,0.64,0.646,0.208,0.369,0.6,0.636,0.628,0.618,0.541,0.4,0.559,0.414,0.83,0.642,2.67,2.66,285.4,-999.0,0.393
422,2019,9,13,14,17,38,256,0.0,57.985,9.47,167.389,-68.071,0.796,0.798,0.805,0.806,0.789,0.743,0.744,0.802,0.811,0.813,0.817,0.83,0.224,0.447,0.764,0.823,0.818,0.805,0.662,0.37,0.695,0.775,0.0,0.656,3.31,2.86,189.0,-999.0,0.393
423,2019,9,14,13,54,27,257,0.0,59.22,16.525,160.042,106.336,0.869,0.863,0.852,0.831,0.807,0.745,0.734,0.784,0.791,0.792,0.785,0.79,0.2,0.39,0.708,0.778,0.762,0.745,0.594,0.321,0.626,0.841,0.3,0.686,3.15,2.77,240.6,-999.0,0.863
424,2019,9,15,13,28,16,258,0.0,60.823,38.519,152.88,100.729,0.892,0.89,0.89,0.877,0.857,0.797,0.79,0.847,0.857,0.861,0.864,0.867,0.187,0.366,0.748,0.849,0.829,0.802,0.693,0.46,0.64,0.758,0.0,0.693,2.94,2.57,172.8,-999.0,0.8
425,2019,9,16,13,2,6,259,0.0,62.769,53.903,145.928,95.098,0.885,0.881,0.871,0.849,0.828,0.759,0.752,0.815,0.824,0.826,0.824,0.839,0.19,0.401,0.755,0.824,0.808,0.785,0.631,0.34,0.641,0.788,0.0,0.687,2.97,2.52,197.0,-999.0,0.819
426,2019,9,17,14,13,54,260,0.0,59.572,5.775,166.913,-68.857,0.775,0.772,0.767,0.757,0.737,0.69,0.682,0.72,0.728,0.729,0.715,0.725,0.181,0.334,0.626,0.708,0.685,0.66,0.504,0.242,0.509,0.812,0.0,0.65,2.92,2.54,211.2,-999.0,0.837
427,2019,9,18,13,50,43,261,0.0,60.833,20.026,159.699,105.529,0.801,0.799,0.79,0.776,0.755,0.702,0.693,0.738,0.746,0.747,0.733,0.75,0.206,0.391,0.678,0.735,0.72,0.701,0.537,0.265,0.595,0.807,0.38,0.65,2.98,2.57,261.2,-999.0,0.87
428,2019,9,19,13,24,32,262,1.0,62.455,41.096,152.637,99.922,0.836,0.828,0.816,0.792,0.765,0.703,0.694,0.75,0.758,0.761,0.76,0.776,0.201,0.366,0.686,0.766,0.76,0.747,0.626,0.4,0.687,0.824,0.76,0.67,2.87,2.72,289.4,-999.0,0.87
429,2019,9,21,14,10,10,264,1.0,61.174,2.078,166.47,-69.647,0.856,0.855,0.848,0.837,0.817,0.762,0.757,0.804,0.81,0.813,0.791,0.812,0.233,0.41,0.718,0.802,0.788,0.769,0.61,0.364,0.684,0.931,1.0,0.677,2.93,2.67,317.9,-999.0,0.87
430,2019,9,22,13,46,59,265,0.0,62.459,23.447,159.358,104.735,0.879,0.882,0.887,0.878,0.859,0.802,0.8,0.856,0.866,0.872,0.862,0.88,0.195,0.366,0.747,0.865,0.85,0.833,0.662,0.34,0.723,0.797,0.58,0.684,2.91,2.54,262.4,-999.0,0.868
431,2019,9,23,13,20,48,266,0.0,64.098,43.532,152.402,99.126,0.891,0.886,0.878,0.864,0.839,0.776,0.77,0.825,0.836,0.839,0.823,0.848,0.198,0.382,0.748,0.833,0.821,0.804,0.602,0.271,0.707,-999.0,-999.0,-999.0,-999.0,-999.0,-999.0,-999.0,0.867
